Column1,player_name,team_abbreviation,age,player_height,player_weight,college,country,draft_year,draft_round,draft_number,gp,pts,reb,ast,net_rating,oreb_pct,dreb_pct,usg_pct,ts_pct,ast_pct,season
12010,Ryan Arcidiacono,NYK,28,190.5,88.45044,Villanova,USA,Undrafted,Undrafted,Undrafted,10,1.6,0.8,0.4,-8.2,0,0.105,0.085,0.667,0.091,2021-22
11966,Chris Silva,MIA,25,203.2,106.140528,South Carolina,Gabon,Undrafted,Undrafted,Undrafted,10,2.6,3.6,0.7,-16.1,0.127,0.274,0.123,0.641,0.13,2021-22
12092,Trevelin Queen,HOU,25,198.12,86.18248,New Mexico State,USA,Undrafted,Undrafted,Undrafted,10,4.3,1.6,0.4,5.6,0.091,0.134,0.219,0.619,0.074,2021-22
12282,Louis King,SAC,23,200.66,92.98636,Oregon,USA,Undrafted,Undrafted,Undrafted,10,4.5,1.2,0.9,-11.9,0,0.115,0.195,0.438,0.125,2021-22
12126,Xavier Moon,LAC,27,187.96,74.84268,Morehead State,USA,Undrafted,Undrafted,Undrafted,10,5.8,1.4,2.4,1.4,0.014,0.072,0.177,0.545,0.245,2021-22
12064,Reggie Perry,POR,22,203.2,113.398,Mississippi State,USA,2020,2,57,10,9.2,4.7,1.2,-16.6,0.074,0.165,0.222,0.537,0.118,2021-22
12101,Tacko Fall,CLE,26,228.6,141.067112,UCF,Senegal,Undrafted,Undrafted,Undrafted,11,1.1,2.1,0.2,-0.8,0.115,0.271,0.124,0.398,0.048,2021-22
12246,Myles Powell,PHI,24,187.96,88.45044,Seton Hall,USA,Undrafted,Undrafted,Undrafted,11,1.2,0.5,0.3,-15.1,0.019,0.098,0.163,0.364,0.088,2021-22
11749,Devon Dotson,CHI,22,185.42,83.91452,Kansas,USA,Undrafted,Undrafted,Undrafted,11,2.6,0.8,1.4,-2.4,0.011,0.105,0.156,0.538,0.283,2021-22
12073,Quinndary Weatherspoon,GSW,25,190.5,92.98636,Mississippi State,USA,2019,2,49,11,2.7,1.3,0.5,-8.6,0.029,0.182,0.15,0.647,0.102,2021-22
11850,Braxton Key,DET,25,203.2,102.0582,Virginia,USA,Undrafted,Undrafted,Undrafted,11,7.2,4.5,1,8,0.058,0.187,0.184,0.508,0.077,2021-22
11997,Collin Sexton,CLE,23,185.42,86.18248,Alabama,USA,2018,1,8,11,16,3.3,2.1,-5.8,0.041,0.066,0.264,0.523,0.125,2021-22
12057,Robert Woodard II,SAS,22,198.12,106.59412,Mississippi State,USA,2020,2,40,12,0.6,0.9,0.3,16.7,0.086,0.146,0.158,0.207,0.086,2021-22
12130,Yves Pons,MEM,23,195.58,93.439952,Tennessee,France,Undrafted,Undrafted,Undrafted,12,1.1,1,0.1,-21.3,0.055,0.082,0.096,0.385,0.024,2021-22
12303,Marcus Garrett,MIA,23,195.58,92.98636,Kansas,USA,Undrafted,Undrafted,Undrafted,12,1.1,1.9,0.6,5.8,0.072,0.108,0.086,0.28,0.069,2021-22
11821,Isaiah Todd,WAS,20,205.74,99.336648,None,USA,2021,2,31,12,1.7,1,0.3,-15.6,0.034,0.123,0.188,0.349,0.095,2021-22
11865,Brodric Thomas,BOS,25,195.58,83.91452,Truman State,USA,Undrafted,Undrafted,Undrafted,12,1.8,0.8,0.9,3,0.034,0.103,0.172,0.52,0.239,2021-22
12096,Tim Frazier,CLE,31,182.88,77.11064,Penn State,USA,Undrafted,Undrafted,Undrafted,12,3.3,1.6,2.8,-17.5,0.024,0.066,0.137,0.398,0.254,2021-22
11812,Jabari Parker,BOS,27,200.66,111.13004,Duke,USA,2014,1,2,12,4.4,2.3,0.5,-0.8,0.042,0.18,0.191,0.632,0.094,2021-22
12029,Sharife Cooper,ATL,21,185.42,79.832192,Auburn,USA,2021,2,48,13,0.5,0.4,0.4,-43.9,0,0.147,0.202,0.25,0.313,2021-22
12027,Solomon Hill,ATL,31,198.12,102.511792,Arizona,USA,2013,1,23,13,0.6,1.8,0.9,14.3,0.043,0.115,0.064,0.2,0.117,2021-22
12075,Petr Cornelie,DEN,26,210.82,99.79024,None,France,2016,2,53,13,1.1,1.1,0.2,5.8,0.159,0.219,0.208,0.418,0.115,2021-22
12149,Udonis Haslem,MIA,42,203.2,106.59412,Florida,USA,Undrafted,Undrafted,Undrafted,13,2.5,1.9,0.3,-9.5,0.043,0.239,0.183,0.495,0.077,2021-22
11831,Jamorko Pickett,DET,24,205.74,93.439952,Georgetown,USA,Undrafted,Undrafted,Undrafted,13,3.8,2.5,0.5,0.3,0.032,0.141,0.133,0.491,0.057,2021-22
12286,Mamadi Diakite,OKC,25,205.74,103.418976,Virginia,Guinea,Undrafted,Undrafted,Undrafted,13,4.3,4.5,0.2,-3.2,0.084,0.216,0.136,0.54,0.018,2021-22
11708,Georgios Kalaitzakis,OKC,23,200.66,87.089664,None,Greece,2021,2,60,13,6.6,1.6,0.9,-29.3,0.026,0.074,0.2,0.536,0.09,2021-22
11867,Brook Lopez,MIL,34,213.36,127.912944,Stanford,USA,2008,1,10,13,12.4,4.1,0.5,-1.4,0.058,0.108,0.211,0.57,0.03,2021-22
12070,RJ Nembhard Jr.,CLE,23,193.04,90.7184,TCU,USA,Undrafted,Undrafted,Undrafted,14,1.1,0.5,0.9,-8.4,0.042,0.056,0.16,0.38,0.343,2021-22
11860,Bol Bol,ORL,22,218.44,99.79024,Oregon,Sudan,2019,2,44,14,2.4,1.4,0.4,0.5,0.049,0.211,0.16,0.565,0.102,2021-22
11897,Abdel Nader,PHX,28,195.58,102.0582,Iowa State,Egypt,2016,2,58,14,2.4,1.9,0.5,-0.9,0.026,0.145,0.139,0.431,0.065,2021-22
11732,Greg Monroe,MIN,32,208.28,113.398,Georgetown,USA,2010,1,7,14,5.4,4.6,1.6,0.9,0.141,0.176,0.164,0.566,0.162,2021-22
12189,Kris Dunn,POR,28,190.5,92.98636,Providence,USA,2016,1,5,14,7.6,3.5,5.6,-12,0.027,0.12,0.176,0.482,0.339,2021-22
11801,Joe Harris,BKN,30,198.12,99.79024,Virginia,USA,2014,2,33,14,11.3,4,1,1.1,0.012,0.109,0.146,0.624,0.047,2021-22
11750,Isaac Bonga,TOR,22,203.2,81.64656,None,Germany,2018,2,39,15,0.8,0.5,0.3,-22.6,0.043,0.038,0.108,0.363,0.089,2021-22
12270,Malik Fitts,BOS,24,195.58,104.32616,None,USA,Undrafted,Undrafted,Undrafted,15,1.4,1.1,0.3,-16.3,0.033,0.185,0.139,0.553,0.125,2021-22
12277,Luke Kornet,BOS,26,218.44,113.398,Vanderbilt,USA,Undrafted,Undrafted,Undrafted,15,2,1.9,0.6,10.4,0.118,0.142,0.112,0.506,0.108,2021-22
12261,Neemias Queta,SAC,22,213.36,112.490816,Utah State,Portugal,2021,2,39,15,3,2.1,0.4,-4.1,0.104,0.144,0.176,0.495,0.076,2021-22
11748,Devontae Cacok,SAS,25,200.66,108.86208,North Carolina-Wilmington,USA,Undrafted,Undrafted,Undrafted,15,3.1,2.8,0.4,-1.6,0.058,0.279,0.122,0.675,0.073,2021-22
12132,Vlatko Cancar,DEN,25,203.2,107.047712,None,Slovenia,2017,2,49,15,4.1,2.1,1.1,0.8,0.041,0.133,0.131,0.657,0.139,2021-22
12239,Miye Oni,UTA,24,195.58,93.439952,Yale,USA,2019,2,58,16,0.3,0.4,0.3,-33.3,0.024,0.118,0.095,0.265,0.179,2021-22
12211,Justin Anderson,IND,28,195.58,104.779752,Virginia,USA,2015,1,21,16,6.4,2.9,2.1,-0.1,0.013,0.142,0.149,0.493,0.135,2021-22
11783,Javonte Smart,MIA,23,193.04,92.98636,Louisiana State,USA,Undrafted,Undrafted,Undrafted,17,3,1.4,0.9,-10.6,0.022,0.094,0.154,0.407,0.121,2021-22
11903,Alfonzo McKinnie,CHI,29,200.66,97.52228,Wisc.-Green Bay,USA,Undrafted,Undrafted,Undrafted,17,3.5,1.9,0.3,-12.9,0.059,0.115,0.148,0.457,0.034,2021-22
12231,Mychal Mulder,MIA,28,190.5,88.45044,Kentucky,Canada,Undrafted,Undrafted,Undrafted,17,4.1,1.4,0.3,-10.3,0.007,0.089,0.153,0.438,0.031,2021-22
12148,Udoka Azubuike,UTA,22,213.36,122.46984,Kansas,Nigeria,2020,1,27,17,4.7,4.2,0,2,0.093,0.233,0.143,0.743,0,2021-22
12300,Markieff Morris,MIA,32,205.74,111.13004,Kansas,USA,2011,1,13,17,7.6,2.6,1.4,4.5,0.059,0.089,0.197,0.547,0.116,2021-22
12045,Patrick Williams,CHI,20,200.66,97.52228,Florida State,USA,2020,1,4,17,9,4.1,0.9,-5.5,0.04,0.132,0.139,0.637,0.051,2021-22
11780,Jay Scrubb,LAC,21,195.58,99.79024,None,USA,2020,2,55,18,2.7,0.9,0.4,6.9,0.016,0.1,0.188,0.486,0.095,2021-22
12052,P.J. Dozier,DEN,25,198.12,92.98636,South Carolina,USA,Undrafted,Undrafted,Undrafted,18,5.4,3.5,1.6,-12.9,0.038,0.144,0.147,0.463,0.135,2021-22
12301,Markelle Fultz,ORL,24,193.04,94.800728,Washington,USA,2017,1,1,18,10.8,2.7,5.5,-5.3,0.01,0.116,0.265,0.517,0.448,2021-22
11721,Haywood Highsmith,MIA,25,193.04,99.79024,Wheeling Jesuit,USA,2018,Undrafted,Undrafted,19,2.3,1.4,0.3,-8.5,0.056,0.097,0.131,0.446,0.052,2021-22
12097,Theo Pinson,DAL,26,195.58,96.161504,North Carolina,USA,Undrafted,Undrafted,Undrafted,19,2.5,1.1,0.9,-12.4,0.012,0.124,0.138,0.553,0.181,2021-22
11845,Jahmi'us Ramsey,SAC,21,190.5,86.18248,Texas Tech,USA,2020,2,43,19,3.2,0.7,0.4,-6,0.027,0.068,0.208,0.468,0.075,2021-22
12272,Malcolm Hill,CHI,26,198.12,99.79024,Illinois,USA,Undrafted,Undrafted,Undrafted,19,3.8,1.8,0.4,-7.3,0.051,0.118,0.118,0.619,0.05,2021-22
12187,Kyle Guy,MIA,24,185.42,75.749864,Virginia,USA,2019,2,55,19,3.9,0.9,0.9,-13.6,0.02,0.069,0.182,0.526,0.149,2021-22
12190,Lindell Wigginton,MIL,24,185.42,85.728888,Iowa State,Canada,2019,Undrafted,Undrafted,19,4.2,1.3,1.2,-11.8,0.015,0.106,0.183,0.524,0.167,2021-22
11825,Isaiah Livers,DET,23,198.12,105.233344,Michigan,USA,2021,2,42,19,6.4,3,1.1,-0.8,0.037,0.109,0.125,0.629,0.077,2021-22
12124,Willie Cauley-Stein,PHI,28,213.36,108.86208,Kentucky,USA,2015,1,6,20,1.7,2,0.5,7.2,0.064,0.144,0.099,0.474,0.074,2021-22
12139,Tyler Cook,CHI,24,203.2,115.66596,Iowa,USA,Undrafted,Undrafted,Undrafted,20,3.4,2.7,0.2,-7.5,0.08,0.2,0.127,0.643,0.021,2021-22
12218,Kai Jones,CHA,21,208.28,100.243832,Texas-Austin,Bahamas,2021,1,19,21,1,0.5,0.2,-11.1,0.045,0.114,0.15,0.628,0.103,2021-22
12219,KZ Okpala,MIA,23,203.2,97.52228,Stanford,USA,2019,2,32,21,3.7,2,0.7,2.7,0.044,0.118,0.141,0.521,0.082,2021-22
11731,Goran Dragic,BKN,36,190.5,86.18248,None,Slovenia,2008,2,45,21,7.5,3.1,4.1,0.4,0.027,0.104,0.166,0.474,0.227,2021-22
11974,Charlie Brown Jr.,PHI,25,198.12,90.264808,St. Joseph's (PA),USA,Undrafted,Undrafted,Undrafted,22,1.4,1.5,0.3,-3.6,0.067,0.088,0.105,0.346,0.045,2021-22
11839,Jalen Johnson,ATL,20,203.2,99.336648,Duke,USA,2021,1,20,22,2.4,1.2,0.1,-10,0.016,0.175,0.183,0.59,0.045,2021-22
11935,David Duke Jr.,BKN,22,193.04,92.532768,Providence,USA,Undrafted,Undrafted,Undrafted,22,4.7,3,0.8,0.1,0.077,0.105,0.15,0.444,0.066,2021-22
12153,Olivier Sarr,OKC,23,213.36,108.86208,Kentucky,France,Undrafted,Undrafted,Undrafted,22,7,4.2,0.9,-2,0.078,0.133,0.136,0.672,0.066,2021-22
11822,Isaiah Thomas,CHA,33,175.26,83.91452,Washington,USA,2011,2,60,22,8.4,1.3,1.5,-1.3,0.012,0.071,0.245,0.516,0.155,2021-22
11905,Alize Johnson,NOP,26,203.2,96.161504,Missouri State,USA,2018,2,50,23,1.8,2.7,0.4,-10.6,0.156,0.202,0.14,0.463,0.08,2021-22
11975,Charles Bassey,PHI,21,205.74,104.32616,Western Kentucky,Nigeria,2021,2,53,23,3,2.7,0.3,-8.8,0.124,0.233,0.152,0.66,0.07,2021-22
11858,Brad Wanamaker,WAS,32,190.5,95.25432,Pittsburgh,USA,Undrafted,Undrafted,Undrafted,23,3.6,1.7,2.4,-6.4,0.018,0.107,0.146,0.472,0.243,2021-22
11864,Boban Marjanovic,DAL,33,220.98,131.54168,None,Serbia,Undrafted,Undrafted,Undrafted,23,4.3,1.7,0.1,12.8,0.066,0.228,0.311,0.615,0.044,2021-22
12160,Kevin Pangos,CLE,29,185.42,81.192968,Gonzaga,Canada,Undrafted,Undrafted,Undrafted,24,1.6,0.5,1.3,-12.1,0.012,0.057,0.143,0.408,0.246,2021-22
12150,Usman Garuba,HOU,20,203.2,103.872568,None,Spain,2021,1,23,24,2,3.5,0.7,7,0.083,0.263,0.091,0.51,0.084,2021-22
11950,Denzel Valentine,UTA,28,193.04,99.79024,Michigan State,USA,2016,1,14,24,2.9,1.8,0.5,-5.1,0.04,0.15,0.15,0.523,0.074,2021-22
11989,Daishen Nix,HOU,20,193.04,102.511792,None,USA,Undrafted,Undrafted,Undrafted,24,3.2,1.4,1.7,-6.6,0.026,0.103,0.167,0.48,0.208,2021-22
12095,Trevor Ariza,LAL,37,203.2,97.52228,UCLA,USA,2004,2,43,24,4,3.4,1.1,-5.3,0.02,0.151,0.11,0.449,0.079,2021-22
12172,Kira Lewis Jr.,NOP,21,185.42,77.11064,Alabama,USA,2020,1,13,24,5.9,1.6,2,-14.1,0.023,0.083,0.209,0.466,0.239,2021-22
11851,Brandon Williams,POR,22,187.96,86.18248,Arizona,USA,Undrafted,Undrafted,Undrafted,24,12.9,3.1,3.9,-20.4,0.026,0.089,0.246,0.476,0.235,2021-22
12223,Justin Robinson,DET,24,185.42,88.45044,Virginia Tech,USA,2019,Undrafted,Undrafted,25,3.1,0.8,1.3,-17.5,0.011,0.051,0.153,0.404,0.175,2021-22
12259,Nerlens Noel,NYK,28,210.82,99.79024,Kentucky,USA,2013,1,6,25,3.4,5.6,0.9,-5.7,0.084,0.161,0.072,0.581,0.06,2021-22
12229,Lindy Waters III,OKC,24,198.12,97.52228,Oklahoma State,USA,Undrafted,Undrafted,Undrafted,25,8,2.9,1,-4.7,0.012,0.14,0.166,0.562,0.078,2021-22
12006,Sam Hauser,BOS,24,200.66,98.429464,Virginia,USA,Undrafted,Undrafted,Undrafted,26,2.5,1.1,0.4,-0.3,0.03,0.133,0.136,0.65,0.095,2021-22
12120,Wenyen Gabriel,LAL,25,205.74,92.98636,Kentucky,South Sudan,Undrafted,Undrafted,Undrafted,26,5.4,3.7,0.5,6.7,0.105,0.151,0.165,0.549,0.053,2021-22
11947,Derrick Rose,NYK,33,187.96,90.7184,Memphis,USA,2008,1,1,26,12,3,4,5.8,0.032,0.08,0.217,0.541,0.266,2021-22
11848,Cody Zeller,POR,29,210.82,108.86208,Indiana,USA,2013,1,4,27,5.2,4.6,0.8,-2.1,0.128,0.212,0.153,0.627,0.087,2021-22
12113,Thomas Bryant,WAS,24,208.28,112.490816,Indiana,USA,2017,2,42,27,7.4,4,0.9,-9.1,0.06,0.187,0.188,0.607,0.083,2021-22
12100,T.J. McConnell,IND,30,185.42,86.18248,Arizona,USA,2015,0,Undrafted,27,8.5,3.3,4.9,-5.5,0.029,0.11,0.157,0.525,0.287,2021-22
12028,Skylar Mays,ATL,24,193.04,92.98636,Louisiana State,USA,2020,2,50,28,2.9,0.9,0.6,-12.9,0.022,0.091,0.149,0.589,0.12,2021-22
12131,Zach Collins,SAS,24,210.82,113.398,Gonzaga,USA,2017,1,10,28,7.8,5.5,2.2,3.1,0.085,0.197,0.184,0.594,0.17,2021-22
11798,Joe Wieskamp,SAS,22,198.12,92.98636,Iowa,USA,2021,2,41,29,2.1,0.5,0.3,1.5,0.017,0.045,0.129,0.494,0.065,2021-22
11985,Damian Lillard,POR,31,187.96,88.45044,Weber State,USA,2012,1,6,29,24,4.1,7.3,-1.8,0.012,0.104,0.288,0.55,0.321,2021-22
12184,Kyrie Irving,BKN,30,187.96,88.45044,Duke,Australia,2011,1,1,29,27.4,4.4,5.8,5.2,0.015,0.096,0.283,0.592,0.235,2021-22
11868,Bruno Fernando,HOU,23,205.74,108.86208,Maryland,Angola,2019,2,34,30,2.9,1.8,0.2,-10.1,0.102,0.223,0.197,0.671,0.082,2021-22
12162,Kevin Knox II,ATL,22,200.66,97.52228,Kentucky,USA,2018,1,9,30,3.1,1.5,0.3,-15.1,0.055,0.127,0.187,0.491,0.077,2021-22
12036,Semi Ojeleye,LAC,27,198.12,108.86208,Southern Methodist,USA,2017,2,37,30,3.3,2.5,0.3,-16.6,0.057,0.111,0.126,0.438,0.033,2021-22
12214,Kelan Martin,BOS,26,195.58,104.32616,Butler,USA,Undrafted,Undrafted,Undrafted,30,5.7,1.8,0.7,-6.2,0.035,0.086,0.18,0.484,0.072,2021-22
12134,Vit Krejci,OKC,22,203.2,88.45044,None,Czech Republic,2020,2,37,30,6.2,3.4,1.9,-12.8,0.024,0.121,0.125,0.529,0.117,2021-22
12106,Terence Davis,SAC,25,193.04,91.171992,Mississippi,USA,Undrafted,Undrafted,Undrafted,30,10.4,3.1,1.3,4.4,0.019,0.138,0.244,0.543,0.107,2021-22
11754,Ed Davis,CLE,33,205.74,98.883056,North Carolina,USA,2010,1,13,31,0.9,2.1,0.2,4.6,0.072,0.23,0.062,0.632,0.053,2021-22
12212,Keljin Blevins,POR,26,193.04,90.7184,Montana State,USA,2019,Undrafted,Undrafted,31,3.1,1.5,0.6,-27.7,0.042,0.09,0.161,0.41,0.083,2021-22
11920,Andre Iguodala,GSW,38,198.12,97.52228,Arizona,USA,2004,1,9,31,4,3.2,3.7,8.7,0.035,0.117,0.113,0.478,0.263,2021-22
12298,Markus Howard,DEN,23,177.8,79.3786,Marquette,USA,Undrafted,Undrafted,Undrafted,31,4.1,0.4,0.2,-4.9,0.01,0.064,0.264,0.567,0.068,2021-22
11835,James Bouknight,CHA,21,193.04,86.18248,Connecticut,USA,2021,1,11,31,4.6,1.7,0.8,-6.2,0.064,0.09,0.226,0.459,0.132,2021-22
12043,Paul George,LAC,32,203.2,99.79024,Fresno State,USA,2010,1,10,31,24.3,6.9,5.7,4.2,0.011,0.171,0.329,0.538,0.286,2021-22
12003,Santi Aldama,MEM,21,210.82,97.52228,Loyola-Maryland,Spain,2021,1,30,32,4.1,2.7,0.7,1.3,0.077,0.15,0.174,0.452,0.08,2021-22
12216,Keifer Sykes,IND,28,180.34,75.749864,Wisc.-Green Bay,USA,Undrafted,Undrafted,Undrafted,32,5.6,1.4,1.9,-4.5,0.014,0.069,0.174,0.456,0.162,2021-22
12279,Luka Garza,DET,23,208.28,110.222856,Iowa,USA,2021,2,52,32,5.8,3.1,0.6,-6.3,0.13,0.116,0.195,0.535,0.086,2021-22
11929,Day'Ron Sharpe,BKN,20,205.74,120.20188,North Carolina,USA,2021,1,29,32,6.2,5,0.5,6.9,0.197,0.198,0.205,0.593,0.062,2021-22
11744,Dillon Brooks,MEM,26,200.66,102.0582,Oregon,Canada,2017,2,45,32,18.4,3.2,2.8,11,0.03,0.08,0.283,0.515,0.147,2021-22
12001,Klay Thompson,GSW,32,198.12,99.79024,Washington State,USA,2011,1,11,32,20.4,3.9,2.8,3.3,0.015,0.106,0.284,0.547,0.153,2021-22
11817,JT Thor,CHA,19,205.74,92.079176,Auburn,USA,2021,2,37,33,2,1.3,0.6,0.3,0.04,0.111,0.116,0.525,0.097,2021-22
12042,Paul Millsap,PHI,37,200.66,116.573144,Louisiana Tech,USA,2006,2,47,33,3.5,3.5,0.9,-3.5,0.096,0.182,0.158,0.458,0.121,2021-22
12109,Terry Taylor,IND,22,195.58,104.32616,Austin Peay,USA,Undrafted,Undrafted,Undrafted,33,9.6,5.2,1.2,-6.9,0.129,0.117,0.151,0.656,0.081,2021-22
11969,Chris Chiozza,GSW,26,180.34,79.3786,Florida,USA,Undrafted,Undrafted,Undrafted,34,2,1.1,1.9,-7.9,0.023,0.073,0.132,0.407,0.264,2021-22
11843,Jake Layman,MIN,28,203.2,94.800728,Maryland,USA,2016,2,47,34,2.4,1.1,0.3,-3.4,0.025,0.123,0.16,0.5,0.055,2021-22
12297,Marquese Chriss,DAL,24,205.74,108.86208,Washington,USA,2016,1,8,34,4.5,3,0.5,-2.1,0.096,0.197,0.205,0.518,0.079,2021-22
12062,Ricky Rubio,IND,31,187.96,86.18248,None,Spain,2009,1,5,34,13.1,4.1,6.6,9.1,0.015,0.122,0.234,0.488,0.348,2021-22
12174,Leandro Bolmaro,MIN,21,198.12,90.7184,None,Argentina,2020,1,23,35,1.4,1.2,0.6,0.2,0.062,0.107,0.122,0.419,0.118,2021-22
11765,Enes Freedom,BOS,30,208.28,113.398,None,Turkey,2011,1,3,35,3.7,4.6,0.2,7.8,0.143,0.219,0.129,0.585,0.027,2021-22
12230,Lonzo Ball,CHI,24,198.12,86.18248,UCLA,USA,2017,1,2,35,13,5.4,5.1,3.1,0.029,0.125,0.17,0.575,0.203,2021-22
12226,Justin Champagnie,TOR,21,198.12,93.439952,Pittsburgh,USA,Undrafted,Undrafted,Undrafted,36,2.3,2,0.3,7.4,0.111,0.126,0.111,0.571,0.051,2021-22
12170,Killian Tillie,MEM,24,205.74,99.79024,Gonzaga,France,Undrafted,Undrafted,Undrafted,36,3.3,1.7,0.6,3.4,0.04,0.085,0.128,0.452,0.061,2021-22
11768,Elijah Hughes,POR,24,195.58,97.52228,Syracuse,USA,2020,2,39,36,3.5,1.6,0.6,-23.7,0.013,0.118,0.158,0.426,0.079,2021-22
11854,Brandon Goodwin,CLE,26,182.88,81.64656,Florida Gulf Coast,USA,Undrafted,Undrafted,Undrafted,36,4.8,1.9,2.5,-6.3,0.028,0.11,0.177,0.501,0.278,2021-22
11886,Bismack Biyombo,PHX,29,203.2,115.66596,None,DRC,2011,1,7,36,5.8,4.6,0.6,5.6,0.117,0.207,0.167,0.596,0.064,2021-22
12039,Robin Lopez,ORL,34,213.36,127.459352,Stanford,USA,2008,1,15,36,7.1,3.5,1.5,-6.4,0.098,0.089,0.182,0.57,0.142,2021-22
11773,Isaiah Jackson,IND,20,208.28,92.98636,Kentucky,USA,2021,1,22,36,8.3,4.1,0.3,-2.8,0.109,0.157,0.214,0.607,0.027,2021-22
12273,Malcolm Brogdon,IND,29,195.58,103.872568,Virginia,USA,2016,2,36,36,19.1,5.1,5.9,-0.4,0.026,0.121,0.241,0.557,0.271,2021-22
11787,Jarrett Culver,MEM,23,198.12,88.45044,Texas Tech,USA,2019,1,6,37,3.5,1.3,0.9,-2.3,0.033,0.101,0.199,0.433,0.135,2021-22
12263,Nathan Knight,MIN,24,208.28,114.758776,William & Mary,USA,Undrafted,Undrafted,Undrafted,37,3.7,2.3,0.6,3.6,0.114,0.174,0.203,0.603,0.126,2021-22
11951,Dennis Smith Jr.,POR,24,187.96,92.98636,North Carolina State,USA,2017,1,9,37,5.6,2.4,3.6,-9.8,0.029,0.107,0.173,0.474,0.311,2021-22
12009,Saben Lee,DET,23,187.96,83.007336,Vanderbilt,USA,2020,2,38,37,5.6,2.4,2.9,-5.7,0.026,0.113,0.169,0.499,0.274,2021-22
12166,Keon Johnson,POR,20,193.04,83.91452,Tennessee,USA,2021,1,21,37,7.2,2.2,2.1,-19,0.031,0.083,0.207,0.453,0.174,2021-22
12191,Kemba Walker,NYK,32,182.88,83.460928,Connecticut,USA,2011,1,9,37,11.6,3,3.5,-9.1,0.014,0.099,0.202,0.537,0.22,2021-22
11714,Gary Clark,NOP,27,198.12,102.0582,Cincinnati,USA,Undrafted,Undrafted,Undrafted,38,2.7,2.4,0.5,-2.1,0.057,0.174,0.11,0.547,0.067,2021-22
12041,Paul Reed,PHI,23,205.74,95.25432,DePaul,USA,2020,2,58,38,3.1,2.4,0.4,-6.2,0.137,0.164,0.151,0.568,0.081,2021-22
11895,Admiral Schofield,ORL,25,195.58,109.315672,Tennessee,United Kingdom,2019,2,42,38,3.8,2.3,0.7,-13.5,0.033,0.146,0.143,0.538,0.084,2021-22
12129,Yuta Watanabe,TOR,27,205.74,97.52228,George Washington,Japan,Undrafted,Undrafted,Undrafted,38,4.3,2.4,0.6,-3.9,0.035,0.158,0.161,0.524,0.067,2021-22
12169,Kent Bazemore,LAL,32,193.04,88.45044,Old Dominion,USA,Undrafted,Undrafted,Undrafted,39,3.4,1.8,0.9,-8.9,0.022,0.097,0.128,0.451,0.085,2021-22
12069,Rajon Rondo,CLE,36,185.42,81.64656,Kentucky,USA,2006,1,21,39,4.8,2.8,4.4,-7.8,0.02,0.118,0.152,0.496,0.366,2021-22
11949,Derrick Favors,OKC,30,205.74,120.20188,Georgia Tech,USA,2010,1,3,39,5.3,4.7,0.6,-11,0.079,0.178,0.131,0.534,0.061,2021-22
11888,Alex Len,SAC,29,213.36,113.398,Maryland,Ukraine,2013,1,5,39,6,4.1,1.2,-5.5,0.076,0.168,0.165,0.577,0.104,2021-22
12241,Miles McBride,NYK,21,185.42,88.45044,West Virginia,USA,2021,2,36,40,2.2,1.1,1,13,0.011,0.097,0.137,0.393,0.159,2021-22
12210,Juancho Hernangomez,UTA,26,205.74,97.068688,None,Spain,2016,1,15,40,3.3,2.5,0.5,0.5,0.063,0.155,0.133,0.542,0.064,2021-22
12290,Matt Thomas,CHI,27,190.5,86.18248,Iowa State,USA,Undrafted,Undrafted,Undrafted,40,4,1.3,0.5,1.1,0.007,0.096,0.137,0.564,0.059,2021-22
12234,Moses Brown,CLE,22,218.44,111.13004,UCLA,USA,Undrafted,Undrafted,Undrafted,40,4.3,3.4,0,-6.2,0.11,0.257,0.199,0.612,0.005,2021-22
12192,Kelly Olynyk,DET,31,210.82,108.86208,Gonzaga,Canada,2013,1,13,40,9.1,4.4,2.8,-4.9,0.067,0.17,0.207,0.561,0.214,2021-22
11857,Bradley Beal,WAS,29,193.04,93.893544,Florida,USA,2012,1,3,40,23.2,4.7,6.6,-3.5,0.026,0.099,0.297,0.539,0.309,2021-22
11917,Anthony Davis,LAL,29,208.28,114.758776,Kentucky,USA,2012,1,1,40,23.2,9.9,3.1,-3,0.072,0.196,0.263,0.578,0.147,2021-22
11805,Jericho Sims,NYK,23,205.74,113.398,Texas-Austin,USA,2021,2,58,41,2.2,4.1,0.5,6.5,0.108,0.187,0.068,0.674,0.054,2021-22
12004,Sandro Mamukelashvili,MIL,23,205.74,108.86208,Seton Hall,Georgia,2021,2,54,41,3.8,2,0.5,-17.6,0.079,0.116,0.142,0.618,0.084,2021-22
12077,Zeke Nnaji,DEN,21,205.74,108.86208,Arizona,USA,2020,1,22,41,6.6,3.6,0.4,-3.2,0.077,0.141,0.146,0.629,0.037,2021-22
11889,Alex Caruso,CHI,28,195.58,84.368112,Texas A&M,USA,Undrafted,Undrafted,Undrafted,41,7.4,3.6,4,5.1,0.029,0.101,0.13,0.528,0.194,2021-22
11811,Jared Butler,UTA,21,190.5,87.543256,Baylor,USA,2021,2,40,42,3.8,1.1,1.5,-0.1,0.014,0.102,0.221,0.509,0.258,2021-22
11719,Ignas Brazdeikis,ORL,23,198.12,100.243832,Michigan,Canada,2019,2,47,42,5,1.7,0.9,-15.7,0.038,0.09,0.172,0.52,0.11,2021-22
12115,Trey Burke,DAL,29,182.88,83.91452,Michigan,USA,2013,1,9,42,5.1,0.8,1.4,-0.5,0.009,0.064,0.25,0.475,0.219,2021-22
11939,Danuel House Jr.,UTA,29,198.12,99.79024,Texas A&M,USA,Undrafted,Undrafted,Undrafted,42,5.9,2.6,1,3.8,0.023,0.118,0.146,0.555,0.087,2021-22
11741,Donte DiVincenzo,SAC,25,193.04,92.079176,Villanova,USA,2018,1,17,42,9,4,2.8,-3.7,0.039,0.125,0.187,0.51,0.167,2021-22
12249,Nassir Little,POR,22,195.58,99.79024,North Carolina,USA,2019,1,25,42,9.8,5.6,1.3,-0.9,0.052,0.158,0.155,0.575,0.074,2021-22
12012,Rui Hachimura,WAS,24,203.2,104.32616,Gonzaga,Japan,2019,1,9,42,11.3,3.8,1.1,-7.1,0.027,0.143,0.205,0.579,0.08,2021-22
12248,Myles Turner,IND,26,210.82,113.398,Texas-Austin,USA,2015,1,11,42,12.9,7.1,1,-0.3,0.052,0.188,0.173,0.615,0.053,2021-22
12094,Tim Hardaway Jr.,DAL,30,195.58,92.98636,Michigan,USA,2013,1,24,42,14.2,3.7,2.2,1.3,0.01,0.114,0.214,0.52,0.115,2021-22
12117,Wayne Ellington,LAL,34,193.04,93.893544,North Carolina,USA,2009,1,28,43,6.7,1.8,0.7,-3.8,0.012,0.078,0.135,0.593,0.055,2021-22
12243,Mike Muscala,OKC,30,208.28,108.86208,Bucknell,USA,2013,2,44,43,8,3,0.5,1.8,0.032,0.166,0.198,0.63,0.06,2021-22
11729,Gorgui Dieng,ATL,32,208.28,112.490816,Louisville,Senegal,2013,1,21,44,3.5,2.8,0.8,-9.2,0.083,0.238,0.164,0.624,0.155,2021-22
11915,Anthony Gill,WAS,29,200.66,104.32616,Virginia,USA,Undrafted,Undrafted,Undrafted,44,4.1,1.9,0.6,5.8,0.075,0.112,0.138,0.682,0.08,2021-22
12274,Malachi Flynn,TOR,24,185.42,79.3786,San Diego State,USA,2020,1,29,44,4.3,1.4,1.6,-2.6,0.016,0.097,0.157,0.488,0.185,2021-22
11819,Ish Wainright,PHX,27,195.58,113.398,Baylor,USA,Undrafted,Undrafted,Undrafted,45,2.4,1.2,0.3,5.6,0.066,0.072,0.134,0.494,0.057,2021-22
11800,Joe Ingles,POR,34,203.2,99.79024,None,Australia,Undrafted,Undrafted,Undrafted,45,7.2,2.9,3.5,8.2,0.01,0.099,0.129,0.551,0.195,2021-22
11824,Isaiah Roby,OKC,24,203.2,104.32616,Nebraska-Lincoln,USA,2019,2,45,45,10.1,4.8,1.6,-8.8,0.074,0.145,0.185,0.607,0.117,2021-22
12063,Richaun Holmes,SAC,28,208.28,106.59412,Bowling Green,USA,2015,2,37,45,10.4,7,1.1,-5.8,0.082,0.198,0.153,0.689,0.068,2021-22
12251,Norman Powell,LAC,29,190.5,97.52228,UCLA,USA,2015,2,46,45,19,3.2,2.1,-8.1,0.013,0.089,0.231,0.603,0.106,2021-22
11933,David Nwaba,HOU,29,195.58,99.336648,Cal Poly,USA,Undrafted,Undrafted,Undrafted,46,5.1,3.3,0.8,-9,0.061,0.179,0.15,0.567,0.085,2021-22
12074,Quentin Grimes,NYK,22,193.04,95.25432,Houston,USA,2021,1,25,46,6,2,1,-3,0.028,0.085,0.149,0.565,0.095,2021-22
12177,Larry Nance Jr.,NOP,29,200.66,111.13004,Wyoming,USA,2015,1,27,46,7,5.4,1.8,-1.9,0.069,0.173,0.128,0.59,0.115,2021-22
11739,Draymond Green,GSW,32,198.12,104.32616,Michigan State,USA,2012,2,35,46,7.5,7.3,7,7.2,0.034,0.204,0.14,0.582,0.325,2021-22
12180,Lance Stephenson,IND,31,195.58,95.25432,Cincinnati,USA,2010,2,40,46,8.3,2.8,3.6,-7,0.014,0.149,0.219,0.536,0.298,2021-22
12289,Maurice Harkless,SAC,29,200.66,99.79024,St. John's,USA,2012,1,15,47,4.6,2.4,0.5,-4.2,0.014,0.114,0.112,0.561,0.035,2021-22
11961,Daniel Theis,BOS,30,205.74,111.13004,None,Germany,Undrafted,Undrafted,Undrafted,47,8.2,4.9,0.9,-3.9,0.061,0.159,0.162,0.595,0.068,2021-22
12258,Nic Claxton,BKN,23,210.82,97.52228,Georgia,USA,2019,2,31,47,8.7,5.6,0.9,-0.4,0.098,0.157,0.15,0.672,0.066,2021-22
12183,LaMarcus Aldridge,BKN,36,210.82,113.398,Texas-Austin,USA,2006,1,2,47,12.9,5.5,0.9,0.1,0.071,0.16,0.219,0.604,0.062,2021-22
11792,Jerami Grant,DET,28,203.2,95.25432,Syracuse,USA,2014,2,39,47,19.2,4.1,2.4,-7.8,0.017,0.108,0.253,0.556,0.13,2021-22
12111,Thanasis Antetokounmpo,MIL,29,198.12,99.336648,None,Greece,2014,2,51,48,3.6,2.1,0.5,-10.1,0.083,0.129,0.155,0.577,0.071,2021-22
11941,DeAndre Jordan,PHI,33,210.82,120.20188,Texas A&M,USA,2008,2,35,48,4.3,5.5,0.4,-10.8,0.127,0.262,0.132,0.641,0.051,2021-22
11930,Davon Reed,DEN,27,195.58,93.439952,Miami,USA,2017,2,32,48,4.4,2.3,1.1,0.3,0.021,0.14,0.117,0.624,0.115,2021-22
12016,Romeo Langford,SAS,22,195.58,97.975872,Indiana,USA,2019,1,14,48,4.5,2.3,0.4,1,0.035,0.092,0.123,0.52,0.04,2021-22
11726,Greg Brown III,POR,20,200.66,93.439952,Texas-Austin,USA,2021,2,43,48,4.7,2.8,0.7,-17.6,0.057,0.15,0.168,0.515,0.087,2021-22
12222,Justise Winslow,POR,26,198.12,100.697424,Duke,USA,2015,1,10,48,5.7,4.2,1.8,2.1,0.06,0.177,0.178,0.479,0.155,2021-22
12165,Kessler Edwards,BKN,21,200.66,92.079176,Pepperdine,USA,2021,2,44,48,5.9,3.6,0.6,-3.3,0.043,0.124,0.132,0.516,0.04,2021-22
12025,Stanley Johnson,LAL,26,198.12,109.769264,Arizona,USA,2015,1,8,48,6.7,3.2,1.7,-1.1,0.032,0.109,0.125,0.564,0.094,2021-22
12138,Ty Jerome,OKC,24,195.58,88.45044,Virginia,USA,2019,1,24,48,7.1,1.6,2.3,-1.5,0.021,0.072,0.205,0.488,0.229,2021-22
12090,Trendon Watford,POR,21,203.2,107.501304,Louisiana State,USA,Undrafted,Undrafted,Undrafted,48,7.6,4.1,1.7,-17.9,0.06,0.163,0.169,0.59,0.152,2021-22
12055,Onyeka Okongwu,ATL,21,203.2,108.86208,Southern California,USA,2020,1,6,48,8.2,5.9,1.1,5.5,0.117,0.163,0.137,0.714,0.078,2021-22
11959,DeMarcus Cousins,DEN,31,208.28,122.46984,Kentucky,USA,2010,1,5,48,9,5.6,1.5,2.2,0.103,0.281,0.267,0.567,0.153,2021-22
11737,Duane Washington Jr.,IND,22,190.5,89.357624,Ohio State,Germany,Undrafted,Undrafted,Undrafted,48,9.9,1.7,1.8,-5.9,0.004,0.082,0.214,0.521,0.128,2021-22
12296,Marvin Bagley III,DET,23,210.82,106.59412,Duke,USA,2018,1,2,48,11.3,7,0.8,-5.6,0.084,0.2,0.191,0.551,0.049,2021-22
11836,Jalen Suggs,ORL,21,195.58,92.98636,Gonzaga,USA,2021,1,5,48,11.8,3.6,4.4,-7.1,0.019,0.102,0.244,0.455,0.249,2021-22
12154,OG Anunoby,TOR,24,200.66,105.233344,Indiana,United Kingdom,2017,1,23,48,17.1,5.5,2.6,3.9,0.04,0.116,0.204,0.549,0.108,2021-22
12196,Josh Okogie,MIN,23,193.04,96.615096,Georgia Tech,Nigeria,2018,1,20,49,2.7,1.4,0.5,2.5,0.049,0.077,0.115,0.526,0.066,2021-22
12023,Sterling Brown,DAL,27,195.58,99.336648,Southern Methodist,USA,2017,2,46,49,3.3,3,0.7,2.3,0.039,0.187,0.124,0.495,0.078,2021-22
12122,Wesley Matthews,MIL,35,193.04,99.79024,Marquette,USA,Undrafted,Undrafted,Undrafted,49,5.1,1.9,0.7,6.7,0.029,0.056,0.104,0.536,0.047,2021-22
12171,Kenrich Williams,OKC,27,198.12,95.25432,TCU,USA,Undrafted,Undrafted,Undrafted,49,7.4,4.5,2.2,1.7,0.062,0.123,0.153,0.532,0.159,2021-22
11807,Jeremiah Robinson-Earl,OKC,21,203.2,109.769264,Villanova,USA,2021,2,32,49,7.5,5.6,1,-9.8,0.061,0.172,0.152,0.526,0.069,2021-22
11876,Cam Reddish,NYK,22,203.2,98.429464,Duke,USA,2019,1,10,49,10.1,2.1,1,-9.8,0.023,0.075,0.213,0.543,0.078,2021-22
11730,Gordon Hayward,CHA,32,200.66,102.0582,Butler,USA,2010,1,9,49,15.9,4.6,3.6,-0.4,0.022,0.114,0.202,0.57,0.16,2021-22
11770,Dylan Windler,CLE,25,198.12,88.904032,Belmont,USA,2019,1,26,50,2.2,1.8,0.7,0,0.047,0.146,0.115,0.519,0.111,2021-22
11769,Elfrid Payton,PHX,28,190.5,88.45044,Louisana-Lafayette,USA,2014,1,10,50,3,1.8,2,-2,0.035,0.115,0.175,0.397,0.252,2021-22
12257,Nick Richards,CHA,24,213.36,111.13004,Kentucky,Jamaica,2020,2,42,50,3,1.7,0.3,-13,0.086,0.137,0.147,0.689,0.054,2021-22
12194,Joshua Primo,SAS,19,193.04,85.728888,Alabama,Canada,2021,1,12,50,5.8,2.3,1.6,-3.3,0.031,0.079,0.152,0.487,0.111,2021-22
11717,Goga Bitadze,IND,22,213.36,113.398,None,Georgia,2019,1,18,50,7,3.5,1.1,-2.4,0.106,0.139,0.191,0.595,0.11,2021-22
11898,Aaron Wiggins,OKC,23,193.04,86.18248,Maryland,USA,2021,2,55,50,8.3,3.6,1.4,-8.1,0.04,0.098,0.149,0.556,0.083,2021-22
12125,Willy Hernangomez,NOP,28,210.82,113.398,None,Spain,2015,2,35,50,9.1,6.8,1.3,-1.6,0.153,0.24,0.211,0.582,0.113,2021-22
11958,Dean Wade,CLE,25,205.74,103.418976,Kansas State,USA,Undrafted,Undrafted,Undrafted,51,5.3,2.9,1,2,0.031,0.12,0.107,0.584,0.077,2021-22
12017,Rodney McGruder,DET,30,193.04,92.98636,Kansas State,USA,Undrafted,Undrafted,Undrafted,51,5.4,2.2,0.9,-3.7,0.037,0.104,0.142,0.577,0.094,2021-22
11948,Derrick Jones Jr.,CHI,25,198.12,95.25432,UNLV,USA,Undrafted,Undrafted,Undrafted,51,5.6,3.3,0.6,2.7,0.068,0.121,0.119,0.633,0.043,2021-22
12197,Josh Jackson,SAC,25,203.2,93.893544,Kansas,USA,2017,1,4,51,6.4,2.8,1.1,-8.6,0.025,0.149,0.196,0.491,0.105,2021-22
11856,Brandon Boston,LAC,20,198.12,85.275296,Kentucky,USA,2021,2,51,51,6.7,2.2,1,-2,0.02,0.111,0.212,0.481,0.103,2021-22
12112,Theo Maledon,OKC,21,193.04,79.3786,None,France,2020,2,34,51,7.1,2.6,2.2,-10.5,0.02,0.118,0.201,0.5,0.188,2021-22
11837,Jalen Smith,IND,22,208.28,97.52228,Maryland,USA,2020,1,10,51,9.2,6,0.5,2.7,0.101,0.216,0.193,0.595,0.038,2021-22
11740,Doug McDermott,SAS,30,200.66,102.0582,Creighton,USA,2014,1,11,51,11.3,2.3,1.3,-1.8,0.014,0.076,0.178,0.593,0.068,2021-22
12281,Luguentz Dort,OKC,23,190.5,97.52228,Arizona State,Canada,Undrafted,Undrafted,Undrafted,51,17.2,4.2,1.7,-8.1,0.02,0.097,0.228,0.541,0.087,2021-22
12173,Kristaps Porzingis,WAS,26,220.98,108.86208,None,Latvia,2015,1,4,51,20.2,8.1,2.3,0.4,0.068,0.204,0.286,0.577,0.133,2021-22
12019,Rodney Hood,LAC,29,203.2,94.347136,Duke,USA,2014,1,23,52,3.1,1.5,0.7,0.8,0.021,0.081,0.106,0.493,0.074,2021-22
11899,Aaron Nesmith,BOS,22,195.58,97.52228,Vanderbilt,USA,2020,1,14,52,3.8,1.7,0.4,3,0.025,0.117,0.164,0.507,0.057,2021-22
12079,Timothe Luwawu-Cabarrot,ATL,27,200.66,97.52228,None,France,2016,1,24,52,4.4,1.6,0.8,-3.5,0.024,0.094,0.135,0.556,0.08,2021-22
12102,Taj Gibson,NYK,37,205.74,105.233344,Southern California,USA,2009,1,26,52,4.4,4.4,0.6,3.3,0.088,0.139,0.099,0.606,0.05,2021-22
12233,Moses Moody,GSW,20,195.58,95.707912,Arkansas,USA,2021,1,14,52,4.4,1.5,0.4,-4,0.028,0.098,0.148,0.573,0.056,2021-22
12110,Thaddeus Young,TOR,34,203.2,106.59412,Georgia Tech,USA,2007,1,12,52,6.2,4,2,-0.2,0.088,0.152,0.169,0.548,0.177,2021-22
12083,Tony Snell,NOP,30,198.12,96.615096,New Mexico,USA,2013,1,20,53,3.5,1.9,0.5,-7.8,0.018,0.107,0.099,0.541,0.047,2021-22
12128,Xavier Tillman Sr.,MEM,23,203.2,111.13004,Michigan State,USA,2020,2,35,53,4.8,3,1.2,-1.4,0.084,0.138,0.164,0.51,0.127,2021-22
11756,Frank Jackson,DET,24,190.5,92.98636,Duke,USA,2017,2,31,53,10.6,1.6,1,-6.8,0.015,0.058,0.203,0.53,0.077,2021-22
11927,De'Andre Hunter,ATL,24,203.2,100.243832,Virginia,USA,2019,1,4,53,13.4,3.3,1.3,0.7,0.016,0.093,0.194,0.547,0.06,2021-22
11802,Jock Landale,SAS,26,210.82,115.66596,None,Australia,Undrafted,Undrafted,Undrafted,54,4.9,2.6,0.8,-1.1,0.094,0.118,0.172,0.597,0.115,2021-22
11913,Armoni Brooks,TOR,24,190.5,88.45044,Houston,USA,2019,Undrafted,Undrafted,54,5.3,1.9,1.1,-3.8,0.021,0.097,0.159,0.483,0.105,2021-22
12202,Jose Alvarado,NOP,24,182.88,81.192968,Georgia Tech,USA,Undrafted,Undrafted,Undrafted,54,6.1,1.9,2.8,7.3,0.029,0.094,0.174,0.52,0.261,2021-22
11703,George Hill,MIL,36,193.04,85.275296,Indiana-Purdue Indianapolis,USA,2008,1,26,54,6.2,2.9,2.2,11.7,0.029,0.084,0.115,0.552,0.124,2021-22
12035,Serge Ibaka,MIL,32,208.28,106.59412,None,Republic of the Congo,2008,1,24,54,6.8,4.6,0.9,-3,0.07,0.197,0.172,0.579,0.084,2021-22
11764,Eric Bledsoe,POR,32,185.42,97.068688,Kentucky,USA,2010,1,18,54,9.9,3.4,4.2,-1.2,0.02,0.105,0.198,0.514,0.251,2021-22
12200,Josh Giddey,OKC,19,203.2,92.98636,None,Australia,2021,1,6,54,12.5,7.8,6.4,-8.3,0.052,0.175,0.218,0.478,0.325,2021-22
12198,Josh Hart,POR,27,195.58,97.52228,Villanova,USA,2017,1,30,54,14.9,7.2,4.1,-4.9,0.033,0.183,0.184,0.61,0.19,2021-22
12287,Marcus Morris Sr.,LAC,32,203.2,98.883056,Kansas,USA,2011,1,14,54,15.4,4.4,2.1,-4.8,0.016,0.129,0.228,0.549,0.114,2021-22
11795,John Collins,ATL,24,205.74,102.511792,Wake Forest,USA,2017,1,19,54,16.2,7.8,1.8,0.8,0.056,0.19,0.202,0.61,0.088,2021-22
12082,Tony Bradley,CHI,24,208.28,112.490816,North Carolina,USA,2017,1,28,55,3,3.4,0.5,5.2,0.123,0.196,0.128,0.6,0.065,2021-22
11826,Isaiah Joe,PHI,22,193.04,74.84268,Arkansas,USA,2020,2,49,55,3.6,1,0.6,1.7,0.01,0.079,0.144,0.519,0.08,2021-22
12081,Tomas Satoransky,WAS,30,200.66,95.25432,None,Czech Republic,2012,2,32,55,3.6,2.3,3.3,-8,0.029,0.11,0.124,0.461,0.285,2021-22
12157,Khem Birch,TOR,29,205.74,105.686936,UNLV,Canada,Undrafted,Undrafted,Undrafted,55,4.5,4.3,1,-0.1,0.112,0.128,0.108,0.534,0.074,2021-22
11992,D.J. Augustin,LAL,34,180.34,83.007336,Texas-Austin,USA,2008,1,9,55,5.3,1.2,1.9,-10.6,0.012,0.065,0.139,0.61,0.176,2021-22
12265,Naji Marshall,NOP,24,200.66,99.79024,Xavier,USA,Undrafted,Undrafted,Undrafted,55,5.7,2.6,1.1,-2.2,0.047,0.142,0.197,0.505,0.126,2021-22
11838,Jalen McDaniels,CHA,24,205.74,92.98636,San Diego State,USA,2019,2,52,55,6.2,3.1,1.1,2.6,0.039,0.138,0.152,0.595,0.089,2021-22
12014,Rudy Gay,UTA,35,203.2,113.398,Connecticut,USA,2006,1,8,55,8.1,4.4,1,8.7,0.05,0.166,0.185,0.539,0.078,2021-22
12032,Shake Milton,PHI,25,195.58,92.98636,Southern Methodist,USA,2018,2,54,55,8.2,2.6,2.5,-1,0.025,0.094,0.174,0.517,0.178,2021-22
11968,Chris Duarte,IND,25,195.58,86.18248,Oregon,Dominican Republic,2021,1,13,55,13.1,4.1,2.1,-2,0.026,0.117,0.207,0.537,0.11,2021-22
11853,Brandon Ingram,NOP,24,203.2,86.18248,Duke,USA,2016,1,2,55,22.7,5.8,5.6,3.3,0.019,0.152,0.291,0.554,0.268,2021-22
12164,Kevin Durant,BKN,33,208.28,108.86208,Texas-Austin,USA,2007,1,2,55,29.9,7.4,6.4,6.5,0.015,0.166,0.31,0.634,0.274,2021-22
12099,Svi Mykhailiuk,TOR,25,200.66,92.98636,Kansas,Ukraine,2018,2,47,56,4.6,1.6,0.8,-5.9,0.024,0.101,0.161,0.509,0.094,2021-22
11943,DeAndre' Bembry,MIL,27,195.58,95.25432,St. Joseph's (PA),USA,2016,1,21,56,5.1,2.9,1.2,-0.6,0.042,0.106,0.111,0.601,0.087,2021-22
12076,Omer Yurtseven,MIA,24,210.82,124.7378,Georgetown,Turkey,Undrafted,Undrafted,Undrafted,56,5.3,5.3,0.9,5.3,0.12,0.293,0.19,0.546,0.105,2021-22
11931,Davis Bertans,DAL,29,208.28,102.0582,None,Latvia,2011,2,42,56,5.6,2.1,0.6,1,0.014,0.127,0.165,0.531,0.054,2021-22
12283,Lou Williams,ATL,35,187.96,79.3786,None,USA,2005,2,45,56,6.3,1.6,1.9,0.8,0.02,0.084,0.215,0.5,0.196,2021-22
11866,Blake Griffin,BKN,33,205.74,113.398,Oklahoma,USA,2009,1,1,56,6.4,4.1,1.9,-4.7,0.061,0.169,0.167,0.518,0.157,2021-22
11806,Jeremy Lamb,SAC,30,195.58,81.64656,Connecticut,USA,2012,1,12,56,7.3,2.8,1.4,0.6,0.026,0.134,0.189,0.521,0.124,2021-22
11986,Damian Jones,SAC,27,210.82,111.13004,Vanderbilt,USA,2016,1,30,56,8.1,4.4,1.2,-6.8,0.074,0.164,0.163,0.701,0.106,2021-22
12221,Jusuf Nurkic,POR,27,210.82,131.54168,None,Bosnia and Herzegovina,2014,1,16,56,15,11.1,2.8,-0.1,0.101,0.283,0.233,0.586,0.16,2021-22
11788,Jarrett Allen,CLE,24,208.28,110.222856,Texas-Austin,USA,2017,1,22,56,16.1,10.8,1.6,3.3,0.109,0.213,0.177,0.698,0.079,2021-22
11887,Bam Adebayo,MIA,24,205.74,115.66596,Kentucky,USA,2017,1,14,56,19.1,10.1,3.4,8.1,0.08,0.234,0.248,0.608,0.172,2021-22
12033,Shai Gilgeous-Alexander,OKC,23,198.12,81.64656,Kentucky,Canada,2018,1,11,56,24.5,5,5.9,-6.4,0.017,0.114,0.298,0.557,0.293,2021-22
12175,LeBron James,LAL,37,205.74,113.398,None,USA,2003,1,1,56,30.3,8.2,6.2,-2.5,0.031,0.185,0.317,0.619,0.297,2021-22
12136,Tristan Thompson,CHI,31,205.74,115.212368,Texas-Austin,Canada,2011,1,4,57,6,5.1,0.6,-3.6,0.125,0.196,0.168,0.541,0.054,2021-22
11763,Eric Gordon,HOU,33,190.5,97.52228,Indiana,USA,2008,1,7,57,13.4,2,2.7,-5.1,0.009,0.056,0.182,0.614,0.137,2021-22
11918,Anfernee Simons,POR,23,190.5,82.100152,None,USA,2018,1,24,57,17.3,2.6,3.9,-2.5,0.015,0.075,0.244,0.583,0.219,2021-22
11803,Jimmy Butler,MIA,32,200.66,104.32616,Marquette,USA,2011,1,30,57,21.4,5.9,5.5,6.1,0.055,0.125,0.26,0.592,0.264,2021-22
11816,Ja Morant,MEM,22,190.5,78.925008,Murray State,USA,2019,1,2,57,27.4,5.7,6.7,4.1,0.037,0.124,0.33,0.575,0.33,2021-22
11735,Frank Ntilikina,DAL,23,193.04,90.7184,None,France,2017,1,8,58,4.1,1.4,1.2,4.3,0.016,0.094,0.165,0.513,0.149,2021-22
11762,Eric Paschall,UTA,25,198.12,115.66596,Villanova,USA,2019,2,41,58,5.8,1.8,0.6,-2.3,0.042,0.1,0.174,0.612,0.074,2021-22
11881,CJ Elleby,POR,22,198.12,90.7184,Washington State,USA,2020,2,46,58,5.8,3.9,1.5,-14.3,0.052,0.141,0.143,0.491,0.109,2021-22
12046,Patrick Beverley,MIN,33,185.42,81.64656,Arkansas,USA,2009,2,42,58,9.2,4.1,4.6,3.7,0.038,0.119,0.158,0.539,0.249,2021-22
11871,Cameron Payne,PHX,27,185.42,83.007336,Murray State,USA,2015,1,14,58,10.8,3,4.9,6.3,0.018,0.109,0.235,0.5,0.318,2021-22
11725,Hamidou Diallo,DET,23,195.58,91.625584,Kentucky,USA,2018,2,45,58,11,4.8,1.3,-7.6,0.049,0.162,0.213,0.541,0.098,2021-22
11870,Caris LeVert,CLE,27,198.12,92.98636,Michigan,USA,2016,1,20,58,17,3.7,4.3,-1.8,0.024,0.097,0.252,0.525,0.219,2021-22
11957,Deandre Ayton,PHX,23,210.82,113.398,Arizona,Bahamas,2018,1,1,58,17.2,10.2,1.4,9.6,0.093,0.241,0.217,0.656,0.071,2021-22
11709,Garrett Temple,NOP,36,195.58,88.45044,Louisiana State,USA,Undrafted,Undrafted,Undrafted,59,5.2,2.4,1.3,-13.7,0.024,0.106,0.136,0.494,0.102,2021-22
12215,Keita Bates-Diop,SAS,26,203.2,103.872568,Ohio State,USA,2018,2,48,59,5.7,3.9,0.7,0.8,0.061,0.163,0.144,0.578,0.059,2021-22
12268,Maxi Kleber,DAL,30,208.28,108.86208,None,Germany,Undrafted,Undrafted,Undrafted,59,7,5.9,1.2,3.9,0.047,0.182,0.131,0.537,0.067,2021-22
12255,Nicolas Batum,LAC,33,203.2,104.32616,None,France,2008,1,25,59,8.3,4.3,1.7,-4.4,0.019,0.146,0.13,0.608,0.099,2021-22
11928,De'Aaron Fox,SAC,24,190.5,83.91452,Kentucky,USA,2017,1,5,59,23.2,3.9,5.6,-4.4,0.012,0.096,0.284,0.549,0.254,2021-22
12091,Trent Forrest,UTA,24,193.04,95.25432,Florida State,USA,Undrafted,Undrafted,Undrafted,60,3.3,1.7,1.8,4.5,0.031,0.093,0.124,0.554,0.188,2021-22
11751,Dwight Howard,LAL,36,208.28,120.20188,None,USA,2004,1,1,60,6.2,5.9,0.6,-5.7,0.12,0.246,0.145,0.657,0.049,2021-22
11971,Chimezie Metu,SAC,25,205.74,102.0582,Southern California,USA,2018,2,49,60,8.9,5.6,1,-5.7,0.027,0.227,0.184,0.546,0.071,2021-22
11877,Caleb Martin,MIA,26,195.58,92.98636,Nevada-Reno,USA,Undrafted,Undrafted,Undrafted,60,9.2,3.8,1.1,5.7,0.054,0.114,0.158,0.611,0.068,2021-22
12103,Talen Horton-Tucker,LAL,21,193.04,106.140528,Iowa State,USA,2019,2,46,60,10,3.2,2.7,-2.2,0.024,0.1,0.189,0.503,0.153,2021-22
12088,Tre Mann,OKC,21,190.5,80.739376,Florida,USA,2021,1,18,60,10.4,2.9,1.5,-10.3,0.017,0.101,0.213,0.501,0.108,2021-22
11911,Austin Reaves,LAL,24,195.58,89.357624,Oklahoma,USA,Undrafted,Undrafted,Undrafted,61,7.3,3.2,1.8,1.8,0.031,0.099,0.121,0.6,0.101,2021-22
11890,Alekesej Pokusevski,OKC,20,213.36,86.18248,None,Serbia,2020,1,17,61,7.6,5.2,2.1,-2.5,0.054,0.189,0.195,0.485,0.161,2021-22
12040,Robert Williams III,BOS,24,205.74,107.501304,Texas A&M,USA,2018,1,27,61,10,9.6,2,10,0.131,0.178,0.112,0.745,0.095,2021-22
11706,Gary Harris,ORL,27,193.04,95.25432,Michigan State,USA,2014,1,19,61,11.1,2,1.8,-5.9,0.02,0.048,0.16,0.571,0.094,2021-22
11980,Coby White,CHI,22,193.04,88.45044,North Carolina,USA,2019,1,7,61,12.7,3,2.9,-1.2,0.011,0.099,0.195,0.564,0.147,2021-22
12176,Lauri Markkanen,CLE,25,210.82,108.86208,Arizona,Finland,2017,1,7,61,14.8,5.7,1.3,3.9,0.033,0.147,0.192,0.582,0.062,2021-22
12159,Kevin Porter Jr.,HOU,22,193.04,92.079176,Southern California,USA,2019,1,30,61,15.6,4.4,6.2,-6.7,0.022,0.111,0.239,0.531,0.302,2021-22
12206,Jordan McLaughlin,MIN,26,180.34,83.91452,Southern California,USA,Undrafted,Undrafted,Undrafted,62,3.8,1.5,2.9,2.4,0.023,0.075,0.115,0.535,0.258,2021-22
12116,Trey Murphy III,NOP,22,203.2,93.439952,Virginia,USA,2021,1,17,62,5.4,2.4,0.6,0.3,0.049,0.122,0.147,0.558,0.065,2021-22
11832,James Johnson,BKN,35,200.66,108.86208,Wake Forest,USA,2009,1,16,62,5.5,3.5,2.1,-1.6,0.041,0.127,0.136,0.513,0.153,2021-22
11940,Danny Green,PHI,35,198.12,97.52228,North Carolina,USA,2009,2,46,62,5.9,2.5,1,3,0.025,0.091,0.121,0.561,0.065,2021-22
11909,Avery Bradley,LAL,31,190.5,81.64656,Texas-Austin,USA,2010,1,19,62,6.4,2.2,0.8,-5.8,0.021,0.073,0.119,0.55,0.046,2021-22
12205,Jordan Nwora,MIL,23,203.2,102.0582,Louisville,USA,2020,2,45,62,7.9,3.6,1,-3,0.03,0.147,0.187,0.506,0.071,2021-22
12038,Ziaire Williams,MEM,20,205.74,83.91452,Stanford,USA,2021,1,10,62,8.1,2.1,1,4.2,0.017,0.071,0.144,0.559,0.062,2021-22
11776,Jaylen Nowell,MIN,22,193.04,91.171992,Washington,USA,2019,2,43,62,8.5,2,2.1,2.8,0.022,0.1,0.205,0.581,0.197,2021-22
12119,Wendell Carter Jr.,ORL,23,208.28,122.46984,Duke,USA,2018,1,7,62,15,10.5,2.8,-3.7,0.074,0.26,0.206,0.601,0.15,2021-22
11743,Domantas Sabonis,SAC,26,210.82,108.86208,Gonzaga,Lithuania,2016,1,11,62,18.9,12.1,5.2,-0.6,0.092,0.264,0.221,0.637,0.239,2021-22
11880,CJ McCollum,NOP,30,190.5,86.18248,Lehigh,USA,2013,1,10,62,22.1,4.3,5.1,-1.9,0.024,0.101,0.269,0.553,0.238,2021-22
12181,Lamar Stevens,CLE,24,198.12,104.32616,Penn State,USA,Undrafted,Undrafted,Undrafted,63,6.1,2.6,0.7,-1.3,0.048,0.112,0.169,0.544,0.066,2021-22
11900,Aaron Holiday,PHX,25,182.88,83.91452,UCLA,USA,2018,1,23,63,6.3,1.9,2.4,-1.4,0.023,0.092,0.182,0.544,0.223,2021-22
11984,Damion Lee,GSW,29,195.58,95.25432,Drexel,USA,Undrafted,Undrafted,Undrafted,63,7.4,3.2,1,2.8,0.022,0.136,0.156,0.561,0.072,2021-22
12053,Otto Porter Jr.,GSW,29,203.2,89.811216,Georgetown,USA,2013,1,3,63,8.2,5.7,1.5,6.8,0.06,0.189,0.145,0.581,0.097,2021-22
12235,Moritz Wagner,ORL,25,210.82,111.13004,Michigan,Germany,2018,1,25,63,9,3.7,1.4,-7.2,0.041,0.19,0.224,0.623,0.151,2021-22
12107,Terrence Ross,ORL,31,198.12,93.439952,Washington,USA,2012,1,8,63,10,2.6,1.8,-11.9,0.013,0.094,0.196,0.515,0.127,2021-22
12185,Kyle Lowry,MIA,36,182.88,88.904032,Villanova,USA,2006,1,24,63,13.4,4.5,7.5,5.9,0.016,0.116,0.178,0.6,0.321,2021-22
11862,Bogdan Bogdanovic,ATL,29,198.12,102.0582,None,Serbia,2014,1,27,63,15.1,4,3.1,4.5,0.016,0.116,0.212,0.562,0.152,2021-22
11987,Dalano Banton,TOR,22,200.66,92.532768,Nebraska,Canada,2021,2,46,64,3.2,1.9,1.5,1.5,0.048,0.124,0.159,0.463,0.197,2021-22
12072,R.J. Hampton,ORL,21,193.04,79.3786,None,USA,2020,1,24,64,7.6,3,2.5,-14.5,0.015,0.12,0.18,0.481,0.179,2021-22
11904,Ben McLemore,POR,29,190.5,88.45044,Kansas,USA,2013,1,7,64,10.2,1.6,0.9,-13.1,0.009,0.072,0.207,0.567,0.077,2021-22
11855,Brandon Clarke,MEM,25,203.2,97.52228,Gonzaga,Canada,2019,1,21,64,10.4,5.3,1.3,7.5,0.099,0.148,0.171,0.66,0.101,2021-22
11952,Dennis Schroder,HOU,28,185.42,78.017824,None,Germany,2013,1,17,64,13.5,3.3,4.6,-1,0.018,0.097,0.223,0.539,0.256,2021-22
12034,Seth Curry,BKN,31,187.96,83.91452,Duke,USA,Undrafted,Undrafted,Undrafted,64,15,3.1,3.6,4.5,0.01,0.082,0.182,0.615,0.162,2021-22
11878,Cade Cunningham,DET,20,198.12,99.79024,Oklahoma State,USA,2021,1,1,64,17.4,5.5,5.6,-6.2,0.026,0.143,0.273,0.504,0.283,2021-22
12024,Stephen Curry,GSW,34,187.96,83.91452,Davidson,USA,2009,1,7,64,25.5,5.2,6.3,10.7,0.015,0.126,0.293,0.601,0.286,2021-22
11758,Facundo Campazzo,DEN,31,177.8,88.45044,None,Argentina,Undrafted,Undrafted,Undrafted,65,5.1,1.8,3.4,-8.6,0.019,0.08,0.143,0.503,0.276,2021-22
11820,Ish Smith,WAS,33,182.88,79.3786,Wake Forest,USA,Undrafted,Undrafted,Undrafted,65,6.3,2.2,3.8,-6.7,0.021,0.1,0.195,0.465,0.318,2021-22
11784,Javonte Green,CHI,28,195.58,92.98636,Radford,USA,Undrafted,Undrafted,Undrafted,65,7.2,4.2,0.9,1.6,0.062,0.12,0.113,0.637,0.051,2021-22
11995,Cory Joseph,DET,30,190.5,90.7184,Texas-Austin,Canada,2011,1,29,65,8,2.7,3.6,-6.4,0.017,0.092,0.141,0.579,0.22,2021-22
11716,Hassan Whiteside,UTA,33,213.36,120.20188,Marshall,USA,2010,2,33,65,8.2,7.6,0.4,10.1,0.142,0.275,0.164,0.662,0.031,2021-22
12047,Pat Connaughton,MIL,29,195.58,94.800728,Notre Dame,USA,2015,2,41,65,9.9,4.2,1.3,-0.7,0.025,0.13,0.137,0.62,0.067,2021-22
11707,Garrison Mathews,HOU,25,195.58,97.52228,Lipscomb,USA,Undrafted,Undrafted,Undrafted,65,10,2.9,1,-5.9,0.018,0.093,0.137,0.602,0.052,2021-22
12195,Josh Richardson,SAS,28,195.58,90.7184,Tennessee,USA,2015,2,40,65,10.2,2.8,1.8,4.5,0.026,0.087,0.171,0.573,0.105,2021-22
12050,P.J. Washington,CHA,23,200.66,104.32616,Kentucky,USA,2019,1,12,65,10.3,5.2,2.3,3.5,0.044,0.142,0.154,0.588,0.112,2021-22
12256,Nickeil Alexander-Walker,UTA,23,195.58,92.98636,Virginia Tech,Canada,2019,1,17,65,10.6,2.9,2.4,-3.1,0.024,0.103,0.237,0.475,0.166,2021-22
11967,Chris Paul,PHX,37,182.88,79.3786,Wake Forest,USA,2005,1,4,65,14.7,4.4,10.8,10,0.011,0.113,0.197,0.581,0.434,2021-22
11998,Cole Anthony,ORL,22,190.5,83.91452,North Carolina,USA,2020,1,15,65,16.3,5.4,5.7,-5.4,0.015,0.145,0.245,0.519,0.281,2021-22
11993,D'Angelo Russell,MIN,26,193.04,87.543256,Ohio State,USA,2015,1,2,65,18.1,3.3,7.1,4.7,0.011,0.089,0.246,0.544,0.32,2021-22
11733,Fred VanVleet,TOR,28,185.42,89.357624,Wichita State,USA,Undrafted,Undrafted,Undrafted,65,20.3,4.4,6.7,3.7,0.016,0.1,0.233,0.552,0.266,2021-22
11833,James Harden,PHI,32,195.58,99.79024,Arizona State,USA,2009,1,3,65,22,7.7,10.3,3.5,0.024,0.176,0.266,0.583,0.401,2021-22
12280,Luka Doncic,DAL,23,200.66,104.32616,None,Slovenia,2018,1,3,65,28.4,9.1,8.7,3.5,0.025,0.23,0.368,0.571,0.458,2021-22
11804,Jevon Carter,MIL,26,185.42,90.7184,West Virginia,USA,2018,2,32,66,4.2,1.7,1.5,-3,0.014,0.097,0.135,0.531,0.148,2021-22
12137,Troy Brown Jr.,CHI,22,198.12,97.52228,Oregon,USA,2018,1,15,66,4.3,3.1,1,-2.3,0.038,0.154,0.118,0.525,0.082,2021-22
12293,Matisse Thybulle,PHI,25,195.58,91.171992,Washington,USA,2019,1,20,66,5.7,2.3,1.1,3.8,0.026,0.064,0.095,0.594,0.063,2021-22
12155,Killian Hayes,DET,20,195.58,88.45044,None,France,2020,1,7,66,6.9,3.2,4.2,-10.3,0.02,0.108,0.154,0.461,0.243,2021-22
11977,Cedi Osman,CLE,27,200.66,104.32616,None,Turkey,2015,2,31,66,10.7,2.2,2,-1.8,0.017,0.08,0.206,0.563,0.144,2021-22
11727,Grayson Allen,MIL,26,193.04,89.811216,Duke,USA,2018,1,21,66,11.1,3.4,1.5,5,0.017,0.097,0.148,0.609,0.075,2021-22
11942,Danilo Gallinari,ATL,33,208.28,107.047712,None,Italy,2008,1,6,66,11.7,4.7,1.5,3.4,0.021,0.161,0.182,0.579,0.086,2021-22
11874,Cameron Johnson,PHX,26,203.2,95.25432,North Carolina,USA,2019,1,11,66,12.5,4.1,1.5,6.2,0.023,0.123,0.167,0.625,0.079,2021-22
12013,Rudy Gobert,UTA,30,215.9,117.026736,None,France,2013,1,27,66,15.6,14.7,1.1,9.6,0.114,0.312,0.166,0.732,0.052,2021-22
12186,Kyle Kuzma,WAS,26,205.74,100.243832,Utah,USA,2017,1,27,66,17.1,8.5,3.5,-6.1,0.032,0.213,0.238,0.547,0.164,2021-22
12156,Khris Middleton,MIL,30,200.66,100.697424,Texas A&M,USA,2012,2,39,66,20.1,5.4,5.4,5.4,0.019,0.136,0.255,0.577,0.246,2021-22
12141,Tyler Herro,MIA,22,195.58,88.45044,Kentucky,USA,2019,1,13,66,20.7,5,4,5.3,0.015,0.133,0.278,0.561,0.205,2021-22
11779,Jaylen Brown,BOS,25,198.12,101.151016,California,USA,2016,1,3,66,23.6,6.1,3.5,9.8,0.024,0.145,0.298,0.574,0.173,2021-22
12199,Josh Green,DAL,21,195.58,90.7184,Arizona,Australia,2020,1,18,67,4.8,2.4,1.2,3.7,0.049,0.105,0.13,0.578,0.11,2021-22
11910,Austin Rivers,DEN,29,193.04,90.7184,Duke,USA,2012,1,10,67,6,1.7,1.3,1.9,0.014,0.063,0.123,0.546,0.082,2021-22
11746,Dewayne Dedmon,MIA,32,213.36,111.13004,Southern California,USA,Undrafted,Undrafted,Undrafted,67,6.3,5.8,0.7,3.5,0.1,0.251,0.164,0.632,0.069,2021-22
11815,JaMychal Green,DEN,32,203.2,102.965384,Alabama,USA,Undrafted,Undrafted,Undrafted,67,6.4,4.2,0.9,-3.5,0.073,0.187,0.168,0.587,0.084,2021-22
11713,Furkan Korkmaz,PHI,24,200.66,91.625584,None,Turkey,2016,1,26,67,7.6,2.6,1.9,0.8,0.015,0.104,0.17,0.502,0.129,2021-22
11875,Cam Thomas,BKN,20,190.5,95.25432,Louisiana State,Japan,2021,1,27,67,8.5,2.4,1.2,-6.4,0.013,0.118,0.212,0.519,0.102,2021-22
11771,Isaac Okoro,CLE,21,195.58,102.0582,Auburn,USA,2020,1,5,67,8.8,3,1.8,3.1,0.037,0.065,0.123,0.589,0.083,2021-22
12054,Oshae Brissett,IND,24,200.66,95.25432,Syracuse,Canada,Undrafted,Undrafted,Undrafted,67,9.1,5.3,1.1,-6,0.065,0.165,0.166,0.53,0.064,2021-22
11846,Jae Crowder,PHX,31,198.12,106.59412,Marquette,USA,2012,2,34,67,9.4,5.3,1.9,10.2,0.017,0.16,0.146,0.541,0.08,2021-22
12026,Spencer Dinwiddie,DAL,29,198.12,97.52228,Colorado,USA,2014,2,38,67,13.7,4.2,5.2,-1,0.022,0.111,0.208,0.543,0.27,2021-22
11840,Jalen Green,HOU,20,193.04,84.368112,None,USA,2021,1,2,67,17.3,3.4,2.6,-11.3,0.015,0.088,0.234,0.547,0.132,2021-22
12193,Jrue Holiday,MIL,32,190.5,92.98636,UCLA,USA,2009,1,17,67,18.3,4.5,6.8,8.5,0.031,0.1,0.231,0.593,0.297,2021-22
12078,Zach LaVine,CHI,27,195.58,90.7184,UCLA,USA,2014,1,13,67,24.4,4.6,4.5,-0.9,0.01,0.121,0.284,0.605,0.207,2021-22
11742,Donovan Mitchell,UTA,25,185.42,97.52228,Louisville,USA,2017,1,13,67,25.9,4.2,5.3,5.9,0.024,0.096,0.322,0.572,0.267,2021-22
11724,Giannis Antetokounmpo,MIL,27,210.82,109.769264,None,Greece,2013,1,15,67,29.9,11.6,5.8,8,0.06,0.267,0.34,0.633,0.304,2021-22
11809,Isaiah Hartenstein,LAC,24,213.36,113.398,None,Germany,2017,2,43,68,8.3,4.9,2.4,7,0.097,0.158,0.177,0.664,0.193,2021-22
12066,Reggie Bullock,DAL,31,198.12,92.98636,North Carolina,USA,2013,1,25,68,8.6,3.5,1.2,6.6,0.017,0.106,0.128,0.558,0.06,2021-22
11712,Gabe Vincent,MIA,26,190.5,90.7184,California-Santa Barbara,USA,Undrafted,Undrafted,Undrafted,68,8.7,1.9,3.1,3.1,0.014,0.064,0.174,0.551,0.198,2021-22
12288,Max Strus,MIA,26,195.58,97.52228,DePaul,USA,Undrafted,Undrafted,Undrafted,68,10.6,3,1.4,5.6,0.016,0.112,0.177,0.614,0.086,2021-22
11842,Jakob Poeltl,SAS,26,215.9,111.13004,Utah,Austria,2016,1,9,68,13.5,9.3,2.8,3.4,0.125,0.184,0.182,0.613,0.131,2021-22
11965,Christian Wood,HOU,26,205.74,97.068688,UNLV,USA,Undrafted,Undrafted,Undrafted,68,17.9,10.1,2.3,-9.1,0.051,0.265,0.233,0.595,0.124,2021-22
11955,Dejounte Murray,SAS,25,193.04,81.64656,Washington,USA,2016,1,29,68,21.1,8.3,9.2,1.9,0.031,0.196,0.268,0.533,0.388,2021-22
11937,Darius Garland,CLE,22,185.42,87.089664,Vanderbilt,USA,2019,1,5,68,21.7,3.3,8.6,6.6,0.017,0.074,0.272,0.576,0.378,2021-22
12048,Pascal Siakam,TOR,28,203.2,104.32616,New Mexico State,Cameroon,2016,1,27,68,22.8,8.5,5.3,4.8,0.046,0.182,0.257,0.565,0.224,2021-22
11990,Devin Booker,PHX,25,195.58,93.439952,Kentucky,USA,2015,1,13,68,26.8,5,4.8,9.5,0.02,0.117,0.313,0.576,0.212,2021-22
11796,Joel Embiid,PHI,28,213.36,127.00576,Kansas,Cameroon,2014,1,3,68,30.6,11.7,4.2,7.9,0.068,0.273,0.375,0.616,0.236,2021-22
12087,Tre Jones,SAS,22,185.42,83.91452,Duke,USA,2020,2,41,69,6,2.2,3.4,-0.5,0.024,0.103,0.151,0.545,0.28,2021-22
12104,Taurean Prince,MIN,28,198.12,98.883056,Baylor,USA,2016,1,12,69,7.3,2.5,1,0.7,0.021,0.12,0.166,0.589,0.08,2021-22
12188,Kyle Anderson,MEM,28,205.74,104.32616,UCLA,USA,2014,1,30,69,7.6,5.3,2.7,2,0.041,0.196,0.156,0.506,0.162,2021-22
12179,Landry Shamet,PHX,25,193.04,86.18248,Wichita State,USA,2018,1,26,69,8.3,1.8,1.6,4.9,0.01,0.072,0.16,0.55,0.104,2021-22
11906,Amir Coffey,LAC,25,200.66,95.25432,Minnesota,USA,Undrafted,Undrafted,Undrafted,69,9,2.9,1.8,-0.9,0.017,0.102,0.154,0.598,0.112,2021-22
11859,Bones Hyland,DEN,21,187.96,76.657048,Virginia Commonwealth,USA,2021,1,26,69,10.1,2.7,2.8,1.7,0.011,0.133,0.231,0.558,0.22,2021-22
11893,Al Horford,BOS,36,205.74,108.86208,Florida,Dominican Republic,2007,1,3,69,10.2,7.7,3.4,9.3,0.054,0.201,0.147,0.574,0.159,2021-22
11938,Darius Bazley,OKC,22,203.2,94.347136,None,USA,2019,1,23,69,10.8,6.3,1.4,-11.3,0.034,0.176,0.18,0.515,0.078,2021-22
11885,Carmelo Anthony,LAL,38,200.66,107.954896,Syracuse,USA,2003,1,3,69,13.3,4.2,1,-2.9,0.034,0.116,0.195,0.579,0.056,2021-22
11759,Evan Mobley,CLE,21,210.82,97.52228,Southern California,USA,2021,1,3,69,15,8.3,2.5,1.7,0.063,0.174,0.201,0.549,0.117,2021-22
11861,Bojan Bogdanovic,UTA,33,200.66,102.511792,None,Croatia,2011,2,31,69,18.1,4.3,1.7,4.8,0.027,0.106,0.232,0.599,0.086,2021-22
12068,Raul Neto,WAS,30,187.96,81.64656,None,Brazil,2013,2,47,70,7.5,1.9,3.1,-3.3,0.01,0.089,0.18,0.538,0.228,2021-22
11964,Chuma Okeke,ORL,23,198.12,103.872568,Auburn,USA,2019,1,16,70,8.6,5,1.7,-8.8,0.024,0.165,0.159,0.501,0.104,2021-22
11827,Jaden McDaniels,MIN,21,205.74,83.91452,Washington,USA,2020,1,28,70,9.2,4.2,1.1,0.6,0.038,0.115,0.149,0.553,0.063,2021-22
11782,Jaxson Hayes,NOP,22,210.82,99.79024,Texas-Austin,USA,2019,1,8,70,9.3,4.5,0.6,0.5,0.08,0.146,0.159,0.68,0.047,2021-22
12000,Jonathan Kuminga,GSW,19,200.66,102.0582,None,DRC,2021,1,7,70,9.3,3.3,0.9,1.9,0.047,0.139,0.227,0.6,0.087,2021-22
12278,Luke Kennard,LAC,26,195.58,93.439952,Duke,USA,2017,1,12,70,11.9,3.3,2.1,3.4,0.01,0.1,0.16,0.619,0.111,2021-22
12266,Lonnie Walker IV,SAS,23,193.04,92.532768,Miami,USA,2018,1,18,70,12.1,2.6,2.2,-3,0.01,0.095,0.232,0.512,0.137,2021-22
11704,Gary Trent Jr.,TOR,23,195.58,94.800728,Duke,USA,2018,2,37,70,18.3,2.7,2,3.3,0.01,0.07,0.212,0.546,0.085,2021-22
12071,RJ Barrett,NYK,22,198.12,97.068688,Duke,Canada,2019,1,3,70,20,5.8,3,-3.3,0.025,0.136,0.268,0.511,0.146,2021-22
12260,Nemanja Bjelica,GSW,34,205.74,106.140528,None,Serbia,2010,2,35,71,6.1,4.1,2.2,5.2,0.055,0.187,0.175,0.573,0.204,2021-22
12058,Payton Pritchard,BOS,24,185.42,88.45044,Oregon,USA,2020,1,26,71,6.2,1.9,2,2.2,0.031,0.093,0.18,0.578,0.222,2021-22
11705,Gary Payton II,GSW,29,190.5,88.45044,Oregon State,USA,Undrafted,Undrafted,Undrafted,71,7.1,3.5,0.9,8.3,0.058,0.132,0.14,0.679,0.076,2021-22
12051,P.J. Tucker,MIA,37,195.58,111.13004,Texas-Austin,USA,2006,2,35,71,7.6,5.5,2.1,6.2,0.052,0.146,0.116,0.593,0.107,2021-22
11738,Drew Eubanks,POR,25,205.74,111.13004,Oregon State,USA,Undrafted,Undrafted,Undrafted,71,7.7,5.4,1.2,-12.8,0.097,0.197,0.171,0.638,0.107,2021-22
11981,Cody Martin,CHA,26,198.12,92.98636,Nevada-Reno,USA,2019,2,36,71,7.7,4,2.5,0.1,0.043,0.108,0.12,0.579,0.124,2021-22
11823,Isaiah Stewart,DET,21,203.2,113.398,Washington,USA,2020,1,16,71,8.3,8.7,1.2,-9.5,0.111,0.217,0.144,0.55,0.07,2021-22
12060,Robert Covington,LAC,31,200.66,94.800728,Tennessee State,USA,Undrafted,Undrafted,Undrafted,71,8.5,5.5,1.3,0.6,0.03,0.167,0.134,0.572,0.066,2021-22
12238,Mo Bamba,ORL,24,213.36,104.779752,Texas-Austin,USA,2018,1,6,71,10.6,8.1,1.2,-9.6,0.077,0.214,0.17,0.582,0.073,2021-22
12302,Marcus Smart,BOS,28,193.04,99.79024,Oklahoma State,USA,2014,1,6,71,12.1,3.8,5.9,9.3,0.018,0.093,0.179,0.54,0.245,2021-22
11791,Devin Vassell,SAS,21,195.58,90.7184,Florida State,USA,2020,1,11,71,12.3,4.3,1.9,1,0.021,0.128,0.184,0.54,0.096,2021-22
12236,Montrezl Harrell,CHA,28,200.66,108.86208,Louisville,USA,2015,2,32,71,13.1,6.1,2,3,0.092,0.163,0.198,0.68,0.139,2021-22
12123,Will Barton,DEN,31,195.58,82.100152,Memphis,USA,2012,2,40,71,14.7,4.8,3.9,2,0.02,0.128,0.205,0.548,0.171,2021-22
11794,John Konchar,MEM,26,195.58,95.25432,Indiana-Purdue Fort Wayne,USA,Undrafted,Undrafted,Undrafted,72,4.8,4.6,1.5,2.7,0.059,0.182,0.097,0.615,0.109,2021-22
12240,Mitchell Robinson,NYK,24,213.36,108.86208,Western Kentucky,USA,2018,2,36,72,8.5,8.6,0.5,-2.1,0.145,0.171,0.11,0.722,0.032,2021-22
11884,Bruce Brown,BKN,25,193.04,91.625584,Miami,USA,2018,2,42,72,9,4.8,2.1,-0.3,0.056,0.13,0.146,0.575,0.114,2021-22
12228,Obi Toppin,NYK,24,205.74,99.79024,Dayton,USA,2020,1,8,72,9,3.7,1.1,6.9,0.056,0.155,0.205,0.614,0.105,2021-22
11963,Daniel Gafford,WAS,23,205.74,106.140528,Arkansas,USA,2019,2,38,72,9.4,5.7,0.9,-6.9,0.107,0.169,0.16,0.708,0.071,2021-22
11922,Alperen Sengun,HOU,19,208.28,110.222856,None,Turkey,2021,1,16,72,9.6,5.5,2.6,-10.2,0.089,0.174,0.214,0.552,0.193,2021-22
12244,Mike Conley,UTA,34,185.42,79.3786,Ohio State,USA,2007,1,4,72,13.7,3,5.3,7.7,0.023,0.079,0.202,0.572,0.281,2021-22
11863,Bobby Portis,MIL,27,208.28,113.398,Arkansas,USA,2015,1,22,72,14.6,9.1,1.2,6.3,0.085,0.218,0.207,0.571,0.061,2021-22
12227,Julius Randle,NYK,27,203.2,113.398,Kentucky,USA,2014,1,7,72,20.1,9.9,5.1,-3.6,0.045,0.225,0.279,0.509,0.251,2021-22
11916,Anthony Edwards,MIN,20,193.04,102.0582,Georgia,USA,2020,1,1,72,21.3,4.8,3.8,4,0.023,0.113,0.262,0.56,0.173,2021-22
12208,Juan Toscano-Anderson,GSW,29,198.12,94.800728,Marquette,USA,Undrafted,Undrafted,Undrafted,73,4.1,2.4,1.7,2.9,0.03,0.143,0.144,0.561,0.18,2021-22
12294,Mason Plumlee,CHA,32,210.82,115.212368,Duke,USA,2013,1,22,73,6.5,7.7,3.1,0.9,0.091,0.205,0.117,0.603,0.165,2021-22
11921,Andre Drummond,BKN,28,208.28,126.552168,Connecticut,USA,2012,1,9,73,7.9,9.3,1.8,2.4,0.155,0.305,0.181,0.574,0.13,2021-22
12147,Tyus Jones,MEM,26,182.88,88.904032,Duke,USA,2015,1,24,73,8.7,2.4,4.4,7.6,0.01,0.097,0.164,0.544,0.285,2021-22
12059,Precious Achiuwa,TOR,22,203.2,102.0582,Memphis,Nigeria,2020,1,20,73,9.1,6.5,1.1,1.9,0.075,0.188,0.18,0.503,0.072,2021-22
11926,De'Anthony Melton,MEM,24,187.96,90.7184,Southern California,USA,2018,2,46,73,10.8,4.5,2.7,5.6,0.034,0.15,0.205,0.529,0.157,2021-22
11919,Andrew Wiggins,GSW,27,200.66,89.357624,Kansas,Canada,2014,1,1,73,17.2,4.5,2.2,5.8,0.036,0.095,0.224,0.56,0.109,2021-22
12080,Tobias Harris,PHI,29,200.66,102.511792,Tennessee,USA,2011,1,19,73,17.2,6.8,3.5,3.2,0.032,0.164,0.214,0.566,0.158,2021-22
12252,Nikola Vucevic,CHI,31,208.28,117.93392,Southern California,Montenegro,2011,1,16,73,17.6,11,3.2,-1.6,0.06,0.274,0.244,0.533,0.153,2021-22
12108,Terry Rozier,CHA,28,185.42,86.18248,Louisville,USA,2015,1,16,73,19.3,4.3,4.5,1.4,0.021,0.101,0.227,0.566,0.197,2021-22
11790,Jarred Vanderbilt,MIN,23,205.74,97.068688,Kentucky,USA,2018,2,41,74,6.9,8.4,1.3,5,0.107,0.212,0.108,0.612,0.066,2021-22
12201,Josh Christopher,HOU,20,190.5,97.52228,Arizona State,USA,2021,1,24,74,7.9,2.5,2,-9.2,0.037,0.103,0.205,0.534,0.17,2021-22
11813,JaVale McGee,PHX,34,213.36,122.46984,Nevada-Reno,USA,2008,1,18,74,9.2,6.7,0.6,5.8,0.134,0.266,0.214,0.651,0.055,2021-22
12225,Justin Holiday,SAC,33,198.12,81.64656,Washington,USA,Undrafted,Undrafted,Undrafted,74,10.1,2.6,1.7,-5.1,0.014,0.08,0.156,0.543,0.086,2021-22
11979,Clint Capela,ATL,28,208.28,116.119552,None,Switzerland,2014,1,25,74,11.1,11.9,1.2,3.3,0.133,0.284,0.149,0.604,0.062,2021-22
12163,Kevin Huerter,ATL,23,200.66,89.811216,Maryland,USA,2018,1,19,74,12.1,3.4,2.7,3.8,0.014,0.098,0.169,0.57,0.125,2021-22
12161,Kevin Love,CLE,33,203.2,113.851592,UCLA,USA,2008,1,5,74,13.6,7.2,2.2,1.5,0.051,0.258,0.239,0.594,0.153,2021-22
12018,Scottie Barnes,TOR,20,200.66,102.0582,Florida State,USA,2021,1,4,74,15.3,7.5,3.5,1.8,0.068,0.141,0.187,0.552,0.15,2021-22
11982,Jonas Valanciunas,NOP,30,210.82,120.20188,None,Lithuania,2011,1,5,74,17.8,11.4,2.6,1.2,0.1,0.28,0.238,0.617,0.137,2021-22
12217,Karl-Anthony Towns,MIN,26,210.82,112.490816,Kentucky,USA,2015,1,1,74,24.6,9.8,3.6,5.3,0.074,0.21,0.272,0.64,0.177,2021-22
12253,Nikola Jokic,DEN,27,210.82,128.820128,None,Serbia,2014,2,41,74,27.1,13.8,7.9,8.4,0.09,0.313,0.309,0.661,0.388,2021-22
11883,Bryn Forbes,DEN,28,187.96,92.98636,Michigan State,USA,Undrafted,Undrafted,Undrafted,75,8.8,1.2,1,-0.5,0.007,0.063,0.201,0.574,0.086,2021-22
11772,Jeff Green,DEN,35,203.2,106.59412,Georgetown,USA,2007,1,5,75,10.3,3.1,1.3,1.8,0.024,0.1,0.16,0.627,0.071,2021-22
12133,Trey Lyles,SAC,26,205.74,106.140528,Kentucky,Canada,2015,1,12,75,10.5,5.1,1.2,-7.2,0.056,0.189,0.205,0.588,0.09,2021-22
11932,Davion Mitchell,SAC,23,182.88,91.625584,Baylor,USA,2021,1,9,75,11.5,2.2,4.2,-6,0.015,0.062,0.202,0.489,0.235,2021-22
12237,Monte Morris,DEN,27,187.96,83.007336,Iowa State,USA,2017,2,51,75,12.6,3,4.4,6,0.013,0.087,0.173,0.583,0.201,2021-22
11945,Derrick White,BOS,27,193.04,86.18248,Colorado,USA,2017,1,29,75,13.2,3.5,4.9,4.9,0.017,0.094,0.196,0.549,0.231,2021-22
11902,Aaron Gordon,DEN,26,203.2,106.59412,Arizona,USA,2014,1,4,75,15,5.9,2.5,6.2,0.057,0.129,0.194,0.602,0.109,2021-22
12065,Reggie Jackson,LAC,32,187.96,94.347136,Boston College,USA,2011,1,24,75,16.8,3.6,4.8,-1.3,0.016,0.092,0.273,0.488,0.245,2021-22
12213,Keldon Johnson,SAS,22,198.12,99.79024,Kentucky,USA,2019,1,29,75,17,6.1,2.1,2.1,0.031,0.148,0.21,0.574,0.091,2021-22
12145,Tyrese Maxey,PHI,21,187.96,90.7184,Kentucky,USA,2020,1,21,75,17.5,3.2,4.3,3.6,0.01,0.08,0.199,0.594,0.191,2021-22
12182,LaMelo Ball,CHA,20,200.66,81.64656,None,USA,2020,1,3,75,20.1,6.7,7.6,1.5,0.042,0.157,0.271,0.554,0.341,2021-22
12098,Steven Adams,MEM,28,210.82,120.20188,Pittsburgh,New Zealand,2013,1,12,76,6.9,10,3.4,8.3,0.159,0.198,0.118,0.56,0.155,2021-22
11701,Georges Niang,PHI,29,200.66,104.32616,Iowa State,USA,2016,2,50,76,9.2,2.7,1.3,1.9,0.014,0.097,0.16,0.594,0.09,2021-22
11818,Ivica Zubac,LAC,25,213.36,108.86208,None,Croatia,2016,2,32,76,10.3,8.5,1.6,-3.5,0.115,0.223,0.168,0.66,0.097,2021-22
11747,Devonte' Graham,NOP,27,185.42,88.45044,Kansas,USA,2018,2,34,76,11.9,2.3,4.2,0.3,0.017,0.064,0.191,0.514,0.21,2021-22
12269,Malik Monk,LAL,24,190.5,90.7184,Kentucky,USA,2017,1,11,76,13.8,3.4,2.9,0.3,0.017,0.099,0.195,0.597,0.144,2021-22
12209,Kelly Oubre Jr.,CHA,26,198.12,92.079176,Kansas,USA,2015,1,15,76,15,4,1.1,-0.2,0.036,0.106,0.223,0.56,0.063,2021-22
11849,Desmond Bane,MEM,24,195.58,97.52228,TCU,USA,2020,1,30,76,18.2,4.4,2.7,6.9,0.018,0.118,0.226,0.592,0.136,2021-22
12204,Jordan Poole,GSW,23,193.04,87.996848,Michigan,USA,2019,1,28,76,18.5,3.4,4,6.6,0.015,0.094,0.252,0.598,0.207,2021-22
11774,Jayson Tatum,BOS,24,203.2,95.25432,Duke,USA,2017,1,3,76,26.9,8,4.4,12.1,0.032,0.18,0.313,0.578,0.204,2021-22
11944,DeMar DeRozan,CHI,32,198.12,99.79024,Southern California,USA,2009,1,9,76,27.9,5.2,4.9,1.1,0.021,0.122,0.308,0.59,0.228,2021-22
12085,Trae Young,ATL,23,185.42,74.389088,Oklahoma,USA,2018,1,5,76,28.4,3.7,9.7,2.3,0.019,0.087,0.333,0.603,0.442,2021-22
11954,Delon Wright,ATL,30,195.58,83.91452,Utah,USA,2015,1,20,77,4.4,2.9,2.4,2.8,0.035,0.116,0.101,0.576,0.178,2021-22
12015,Royce O'Neale,UTA,29,195.58,102.511792,Baylor,USA,Undrafted,Undrafted,Undrafted,77,7.4,4.8,2.5,5.3,0.027,0.12,0.098,0.608,0.104,2021-22
11728,Grant Williams,BOS,23,198.12,107.047712,Tennessee,USA,2019,1,22,77,7.8,3.6,1,4.5,0.035,0.107,0.123,0.635,0.058,2021-22
11996,Corey Kispert,WAS,23,198.12,101.604608,Gonzaga,USA,2021,1,15,77,8.2,2.7,1.1,0.1,0.03,0.084,0.142,0.586,0.064,2021-22
12262,Naz Reid,MIN,22,205.74,119.748288,Louisiana State,USA,Undrafted,Undrafted,Undrafted,77,8.3,3.9,0.9,-2.4,0.074,0.161,0.209,0.588,0.091,2021-22
11908,Ayo Dosunmu,CHI,22,193.04,90.7184,Illinois,USA,2021,2,38,77,8.8,2.8,3.3,-5,0.013,0.09,0.138,0.596,0.164,2021-22
12168,Kentavious Caldwell-Pope,WAS,29,195.58,92.532768,Georgia,USA,2013,1,8,77,13.2,3.4,1.9,-4.7,0.018,0.093,0.185,0.568,0.09,2021-22
12144,Tyrese Haliburton,IND,22,195.58,83.91452,Iowa State,USA,2020,1,12,77,15.3,4,8.2,-6,0.022,0.093,0.184,0.595,0.335,2021-22
11723,Harrison Barnes,SAC,30,203.2,102.0582,North Carolina,USA,2012,1,7,77,16.4,5.6,2.4,-6.7,0.031,0.135,0.184,0.623,0.103,2021-22
12084,Torrey Craig,PHX,31,200.66,100.243832,South Carolina Upstate,USA,Undrafted,Undrafted,Undrafted,78,6.6,4,1.2,-5,0.05,0.137,0.139,0.556,0.082,2021-22
11720,Herbert Jones,NOP,23,200.66,93.439952,Alabama,USA,2021,2,35,78,9.5,3.8,2.1,2,0.041,0.086,0.136,0.573,0.097,2021-22
11718,Immanuel Quickley,NYK,23,190.5,86.18248,Kentucky,USA,2020,1,25,78,11.3,3.2,3.5,6.6,0.017,0.114,0.217,0.543,0.244,2021-22
11830,Jae'Sean Tate,HOU,26,193.04,104.32616,Ohio State,USA,Undrafted,Undrafted,Undrafted,78,11.8,5.4,2.8,-8.9,0.063,0.135,0.194,0.567,0.171,2021-22
11810,Jaren Jackson Jr.,MEM,22,210.82,109.769264,Michigan State,USA,2018,1,4,78,16.3,5.8,1.1,7.9,0.05,0.145,0.248,0.535,0.058,2021-22
12011,Russell Westbrook,LAL,33,190.5,90.7184,UCLA,USA,2008,1,4,78,18.5,7.4,7.1,-4,0.039,0.165,0.264,0.512,0.311,2021-22
12167,Kenyon Martin Jr.,HOU,21,195.58,97.52228,None,USA,2020,2,52,79,8.8,3.8,1.3,-6.9,0.047,0.131,0.158,0.603,0.091,2021-22
11736,Duncan Robinson,MIA,28,200.66,97.52228,Michigan,USA,Undrafted,Undrafted,Undrafted,79,10.9,2.6,1.6,2.6,0.012,0.089,0.174,0.573,0.095,2021-22
12271,Malik Beasley,MIN,25,193.04,84.821704,Florida State,USA,2016,1,19,79,12.1,2.9,1.5,2,0.012,0.1,0.189,0.544,0.085,2021-22
11752,Franz Wagner,ORL,20,208.28,99.79024,Michigan,Germany,2021,1,8,79,15.2,4.5,2.9,-4.9,0.033,0.106,0.208,0.559,0.151,2021-22
12002,Jordan Clarkson,UTA,30,193.04,87.996848,Missouri,USA,2014,2,46,79,16,3.5,2.5,8.7,0.03,0.091,0.258,0.532,0.144,2021-22
11841,Jalen Brunson,DAL,25,185.42,86.18248,Villanova,USA,2018,2,33,79,16.3,3.9,4.8,4.4,0.017,0.105,0.215,0.583,0.237,2021-22
11970,Chris Boucher,TOR,29,205.74,90.7184,Oregon,Saint Lucia,Undrafted,Undrafted,Undrafted,80,9.4,6.2,0.3,5.3,0.095,0.183,0.172,0.57,0.022,2021-22
11734,Dorian Finney-Smith,DAL,29,200.66,99.79024,Florida,USA,Undrafted,Undrafted,Undrafted,80,11,4.7,1.9,4.4,0.047,0.095,0.138,0.604,0.08,2021-22
11760,Evan Fournier,NYK,29,198.12,92.98636,None,France,2012,1,20,80,14.1,2.6,2.1,-2.7,0.013,0.073,0.201,0.554,0.114,2021-22
12242,Miles Bridges,CHA,24,200.66,102.0582,Michigan State,USA,2018,1,12,80,20.2,7,3.8,2.1,0.03,0.158,0.224,0.593,0.153,2021-22
12105,Terance Mann,LAC,25,195.58,97.52228,Florida State,USA,2019,2,48,81,10.8,5.2,2.6,1.5,0.044,0.127,0.157,0.572,0.131,2021-22
12044,Patty Mills,BKN,33,182.88,81.64656,St.Mary's College of California,Australia,2009,2,55,81,11.4,1.9,2.3,1.5,0.008,0.055,0.16,0.563,0.106,2021-22
11892,Alec Burks,NYK,30,198.12,97.068688,Colorado,USA,2011,1,12,81,11.7,4.9,3,2.3,0.019,0.148,0.171,0.559,0.158,2021-22
11882,Buddy Hield,IND,29,193.04,99.79024,Oklahoma,Bahamas,2016,1,6,81,15.6,4.4,2.8,-3.6,0.025,0.114,0.214,0.548,0.135,2021-22
12158,Kevon Looney,GSW,26,205.74,100.697424,UCLA,USA,2015,1,30,82,6,7.3,2,6,0.12,0.21,0.12,0.586,0.127,2021-22
11953,Deni Avdija,WAS,21,205.74,95.25432,None,Israel,2020,1,9,82,8.4,5.2,2,-1,0.027,0.182,0.158,0.536,0.117,2021-22
11753,Dwight Powell,DAL,30,208.28,108.86208,Stanford,Canada,2014,2,45,82,8.7,4.9,1.2,2.5,0.099,0.134,0.136,0.725,0.081,2021-22
12245,Mikal Bridges,PHX,25,198.12,94.800728,Villanova,USA,2018,1,10,82,14.2,4.2,2.3,9.8,0.027,0.089,0.149,0.627,0.084,2021-22
12008,Saddiq Bey,DET,23,200.66,97.52228,Villanova,USA,2020,1,19,82,16.1,5.4,2.8,-9.3,0.035,0.125,0.209,0.529,0.138,2021-22
